driver,team,grid_position,fp3_lap_delta_s,fp3_s1_delta_s,fp3_s2_delta_s,fp3_s3_delta_s,fp3_speed_max,fp3_num_laps,fp2_lap_delta_s,fp2_s1_delta_s,fp2_s2_delta_s,fp2_s3_delta_s,fp2_speed_max,fp2_num_laps,fp1_lap_delta_s,fp1_s1_delta_s,fp1_s2_delta_s,fp1_s3_delta_s,fp1_speed_max,fp1_num_laps,fp3_teammate_delta_s,driver_points,driver_championship_pos,constructor_points,constructor_championship_pos,avg_finish_last_n,dnf_rate_last_n,is_street_circuit,year,round,circuit_name
VER,Red Bull,1.0,0.01999999999999602,0.09000000000000341,0.0,0.22800000000000153,327.0,22.0,0.3810000000000002,0.15199999999999747,0.07199999999999918,0.11999999999999744,322.0,13.0,0.018000000000000682,0.11200000000000188,0.05999999999999872,0.23100000000000165,320.0,8.0,0.0,51.0,1,87.0,1,1.0,0.0,1,2024,3,Albert Park Grand Prix Circuit
SAI,Ferrari,2.0,0.07699999999999818,0.010000000000001563,0.21999999999999886,0.0,324.0,11.0,0.4299999999999926,0.14099999999999824,0.1410000000000018,0.14300000000000068,321.0,17.0,0.1220000000000141,0.19200000000000017,0.245000000000001,0.0,317.0,10.0,0.07699999999999818,15.0,6,49.0,2,3.0,0.0,1,2024,3,Albert Park Grand Prix Circuit
PER,Red Bull,3.0,0.29999999999999716,0.23500000000000298,0.053000000000000824,0.3100000000000023,328.0,18.0,0.8130000000000024,0.36599999999999966,0.21000000000000085,0.25799999999999557,322.0,22.0,0.07800000000000296,0.14300000000000068,0.0990000000000002,0.0730000000000004,323.0,15.0,0.28000000000000114,36.0,2,87.0,1,2.0,0.0,1,2024,3,Albert Park Grand Prix Circuit
NOR,McLaren,4.0,0.7759999999999962,0.03400000000000247,0.35800000000000054,0.554000000000002,319.0,14.0,0.8780000000000001,0.34299999999999997,0.08900000000000219,0.4159999999999968,322.0,15.0,0.0,0.0,0.2289999999999992,0.1980000000000004,318.0,14.0,0.4029999999999916,12.0,8,28.0,3,7.0,0.0,1,2024,3,Albert Park Grand Prix Circuit
LEC,Ferrari,5.0,0.0,0.09000000000000341,0.07000000000000028,0.04899999999999949,323.0,13.0,0.0,0.0,0.0,0.0,321.0,18.0,0.0350000000000108,0.0470000000000006,0.16199999999999903,0.06400000000000006,316.0,13.0,0.0,28.0,3,49.0,2,3.5,0.0,1,2024,3,Albert Park Grand Prix Circuit
PIA,McLaren,6.0,0.37300000000000466,0.03300000000000125,0.18999999999999773,0.43200000000000216,321.0,10.0,0.7999999999999972,0.34699999999999775,0.07600000000000051,0.367999999999995,320.0,20.0,0.3540000000000134,0.129999999999999,0.05000000000000071,0.48799999999999955,319.0,17.0,0.0,16.0,5,28.0,3,6.0,0.0,1,2024,3,Albert Park Grand Prix Circuit
RUS,Mercedes,7.0,0.17199999999999704,0.0,0.21699999999999875,0.1980000000000004,318.0,17.0,0.6739999999999924,0.08899999999999864,0.11500000000000199,0.36299999999999955,321.0,18.0,0.03300000000000125,0.05100000000000193,0.07199999999999918,0.25099999999999767,319.0,12.0,0.0799999999999983,18.0,4,26.0,4,5.5,0.0,1,2024,3,Albert Park Grand Prix Circuit
TSU,RB F1 Team,8.0,0.9590000000000032,0.24600000000000222,0.33200000000000074,0.679000000000002,321.0,13.0,0.9110000000000014,0.4139999999999979,0.19900000000000162,0.3639999999999972,321.0,20.0,0.05700000000000216,0.007999999999999119,0.20899999999999963,0.267000000000003,318.0,20.0,0.0,0.0,18,0.0,9,14.5,0.0,1,2024,3,Albert Park Grand Prix Circuit
STR,Aston Martin,9.0,0.6269999999999953,0.14700000000000202,0.3039999999999985,0.40800000000000125,322.0,12.0,0.5450000000000017,0.08999999999999986,0.08999999999999986,0.269999999999996,323.0,20.0,0.10300000000000864,0.08699999999999974,0.0,0.29699999999999704,321.0,17.0,0.3439999999999941,1.0,12,13.0,5,14.5,0.5,1,2024,3,Albert Park Grand Prix Circuit
ALO,Aston Martin,10.0,0.28300000000000125,0.10400000000000276,0.10299999999999798,0.37400000000000233,323.0,10.0,0.6350000000000051,0.21799999999999997,0.08699999999999974,0.33899999999999864,322.0,23.0,1.152000000000001,0.554000000000002,0.16699999999999804,0.8029999999999973,320.0,8.0,0.0,12.0,7,13.0,5,7.0,0.0,1,2024,3,Albert Park Grand Prix Circuit
HAM,Mercedes,11.0,0.09199999999999875,0.07900000000000063,0.120000000000001,0.12700000000000244,324.0,10.0,1.5570000000000022,0.5629999999999988,0.15000000000000213,0.6739999999999995,322.0,14.0,0.20700000000000784,0.2240000000000002,0.21199999999999974,0.10999999999999943,318.0,13.0,0.0,8.0,9,26.0,4,8.0,0.0,1,2024,3,Albert Park Grand Prix Circuit
ALB,Williams,12.0,1.0450000000000017,0.2840000000000025,0.20199999999999818,0.8170000000000002,325.0,15.0,0.8945000000000007,0.347999999999999,0.14050000000000118,0.3734999999999964,321.5,20.0,0.8790000000000049,0.37900000000000134,0.3979999999999997,0.5289999999999964,317.0,7.0,0.0,0.0,13,0.0,7,13.0,0.0,1,2024,3,Albert Park Grand Prix Circuit
BOT,Kick Sauber,13.0,1.0379999999999967,0.3450000000000024,0.43100000000000094,0.4590000000000032,321.0,10.0,1.3079999999999927,0.3379999999999974,0.3910000000000018,0.644999999999996,319.0,22.0,1.4500000000000028,0.5719999999999992,0.504999999999999,0.7849999999999966,312.0,13.0,0.0,0.0,20,0.0,8,18.0,0.0,1,2024,3,Albert Park Grand Prix Circuit
MAG,Haas F1 Team,14.0,1.2469999999999999,0.397000000000002,0.2289999999999992,0.7240000000000038,326.0,11.0,1.9980000000000047,0.37299999999999756,0.14000000000000057,0.7539999999999978,324.0,25.0,0.9250000000000114,0.16199999999999903,0.2740000000000009,0.7060000000000031,318.0,15.0,0.01999999999999602,0.0,15,1.0,6,12.0,0.0,1,2024,3,Albert Park Grand Prix Circuit
OCO,Alpine F1 Team,15.0,1.206000000000003,0.34800000000000253,0.28800000000000026,0.8680000000000021,323.0,14.0,1.4279999999999973,0.565999999999999,0.13700000000000045,0.652000000000001,322.0,25.0,0.9970000000000141,0.5510000000000019,0.2809999999999988,0.5919999999999987,316.0,16.0,0.0,0.0,17,0.0,10,15.0,0.0,1,2024,3,Albert Park Grand Prix Circuit
HUL,Haas F1 Team,16.0,1.2270000000000039,0.3960000000000008,0.18100000000000094,0.7690000000000055,326.0,10.0,1.4249999999999972,0.6179999999999986,0.245000000000001,0.6280000000000001,323.0,18.0,1.0400000000000063,0.33899999999999864,0.2989999999999995,0.6159999999999997,323.0,13.0,0.0,1.0,11,1.0,6,13.0,0.0,1,2024,3,Albert Park Grand Prix Circuit
GAS,Alpine F1 Team,17.0,1.676000000000002,0.5370000000000026,0.4789999999999992,0.8260000000000005,319.0,14.0,1.4140000000000015,0.5399999999999991,0.16000000000000014,0.7419999999999973,321.0,24.0,1.058000000000007,0.5429999999999993,0.1509999999999998,0.7779999999999987,318.0,19.0,0.46999999999999886,0.0,21,0.0,10,19.0,0.5,1,2024,3,Albert Park Grand Prix Circuit
RIC,RB F1 Team,18.0,1.2489999999999952,0.3180000000000014,0.36299999999999955,0.8659999999999997,322.0,13.0,1.257000000000005,0.3490000000000002,0.2980000000000018,0.6759999999999948,321.0,22.0,0.710000000000008,0.21000000000000085,0.18400000000000105,0.6409999999999982,318.0,17.0,0.28999999999999204,0.0,16,0.0,9,14.5,0.0,1,2024,3,Albert Park Grand Prix Circuit
ZHO,Kick Sauber,19.0,1.1620000000000061,0.48200000000000287,0.4480000000000004,0.5300000000000011,320.0,7.0,1.1440000000000055,0.5350000000000001,0.22500000000000142,0.3789999999999978,321.0,22.0,1.4250000000000114,0.43299999999999983,0.4190000000000005,0.6859999999999999,313.0,13.0,0.12400000000000944,0.0,14,0.0,8,14.5,0.0,1,2024,3,Albert Park Grand Prix Circuit
VER,Red Bull,1.0,0.0,0.134999999999998,0.12000000000000455,0.0070000000000014495,298.0,12.0,14.053000000000004,3.200999999999997,3.9695000000000036,8.031499999999998,249.5,1.0,0.0,0.0,0.015000000000000568,0.0,295.0,10.0,0.0,51.0,1,97.0,1,7.0,0.3333333333333333,0,2024,4,Suzuka Circuit
PER,Red Bull,2.0,0.26899999999999125,0.14399999999999835,0.21100000000000563,0.17599999999999838,300.0,18.0,14.053000000000004,3.200999999999997,3.9695000000000036,8.031499999999998,249.5,1.0,0.18099999999999739,0.13899999999999935,0.0,0.05700000000000216,298.0,8.0,0.26899999999999125,46.0,3,97.0,1,3.0,0.0,0,2024,4,Suzuka Circuit
NOR,McLaren,3.0,0.5739999999999981,0.0,0.32200000000000273,0.27199999999999847,296.0,6.0,10.25200000000001,1.7730000000000032,1.2450000000000045,7.8409999999999975,213.0,1.0,1.1839999999999975,0.31999999999999673,0.5090000000000003,0.370000000000001,299.0,13.0,0.0,27.0,6,55.0,3,5.666666666666667,0.0,0,2024,4,Suzuka Circuit
SAI,Ferrari,4.0,0.6080000000000041,0.495000000000001,0.15500000000000114,0.21799999999999997,297.0,19.0,17.854,3.979999999999997,6.259,8.221999999999998,216.0,1.0,0.21300000000000807,0.0259999999999998,0.016000000000005343,0.18599999999999994,294.0,14.0,0.0,40.0,4,93.0,2,2.0,0.0,0,2024,4,Suzuka Circuit
ALO,Aston Martin,5.0,0.5189999999999912,0.33999999999999986,0.27900000000000347,0.16199999999999903,297.0,17.0,14.053000000000004,3.200999999999997,3.9695000000000036,8.031499999999998,249.5,1.0,0.5430000000000064,0.09199999999999875,0.24500000000000455,0.22100000000000009,295.0,14.0,0.0,16.0,8,25.0,5,7.333333333333333,0.0,0,2024,4,Suzuka Circuit
PIA,McLaren,6.0,0.6629999999999967,0.2079999999999984,0.3990000000000009,0.20199999999999818,295.0,11.0,0.0,0.0,0.4340000000000046,0.17299999999999827,297.0,4.0,1.1090000000000089,0.3069999999999986,0.527000000000001,0.2900000000000027,294.0,13.0,0.08899999999999864,28.0,5,55.0,3,5.333333333333333,0.0,0,2024,4,Suzuka Circuit
HAM,Mercedes,7.0,0.47400000000000375,0.08200000000000074,0.3130000000000024,0.16000000000000014,297.0,11.0,0.5010000000000048,1.107999999999997,0.0,0.0,295.0,2.0,0.487000000000009,0.21599999999999753,0.1980000000000004,0.08800000000000097,298.0,12.0,0.11899999999999977,8.0,10,26.0,4,11.333333333333334,0.3333333333333333,0,2024,4,Suzuka Circuit
LEC,Ferrari,8.0,0.8199999999999932,0.5500000000000007,0.2259999999999991,0.30600000000000094,300.0,17.0,4.035000000000011,2.421999999999997,1.8170000000000002,0.4029999999999987,290.0,2.0,0.5020000000000095,0.259999999999998,0.09200000000000585,0.1650000000000027,294.0,12.0,0.21199999999998909,47.0,2,93.0,2,3.0,0.0,0,2024,4,Suzuka Circuit
RUS,Mercedes,9.0,0.355000000000004,0.4480000000000004,0.0,0.16900000000000048,298.0,15.0,14.053000000000004,3.200999999999997,3.9695000000000036,8.031499999999998,249.5,1.0,0.47400000000000375,0.30299999999999727,0.06400000000000006,0.12199999999999989,295.0,9.0,0.0,18.0,7,26.0,4,9.333333333333334,0.3333333333333333,0,2024,4,Suzuka Circuit
TSU,RB F1 Team,10.0,0.7779999999999916,0.36299999999999955,0.45600000000000307,0.22100000000000009,300.0,12.0,6.221000000000004,1.222999999999999,3.9350000000000023,1.6699999999999982,284.0,4.0,1.1740000000000066,0.5129999999999981,0.45300000000000296,0.21499999999999986,294.0,11.0,0.0,6.0,11,6.0,6,12.0,0.0,0,2024,4,Suzuka Circuit
RIC,RB F1 Team,11.0,1.1189999999999998,0.6709999999999994,0.5140000000000029,0.12600000000000122,301.0,14.0,7.188000000000002,2.1240000000000023,4.004000000000005,1.666999999999998,273.0,4.0,1.1839999999999975,0.48100000000000165,0.527000000000001,0.26200000000000045,295.0,11.0,0.3410000000000082,0.0,17,6.0,6,13.666666666666666,0.0,0,2024,4,Suzuka Circuit
HUL,Haas F1 Team,12.0,1.5759999999999934,0.9440000000000026,0.7420000000000044,0.15200000000000102,302.0,12.0,20.454000000000008,5.18,3.6260000000000048,12.254999999999999,213.0,1.0,1.902000000000001,0.9849999999999994,0.7240000000000038,0.20800000000000196,298.0,10.0,0.0,3.0,13,4.0,7,11.666666666666666,0.0,0,2024,4,Suzuka Circuit
BOT,Kick Sauber,13.0,0.9830000000000041,0.5650000000000013,0.5080000000000027,0.1720000000000006,296.0,16.0,21.334000000000003,5.109999999999999,8.379000000000005,8.451999999999998,214.0,1.0,1.9980000000000047,0.9140000000000015,0.818000000000005,0.2789999999999999,292.0,9.0,0.0,0.0,20,0.0,9,16.666666666666668,0.0,0,2024,4,Suzuka Circuit
ALB,Williams,14.0,0.9699999999999989,0.9179999999999993,0.31400000000000006,0.0,308.0,13.0,29.096000000000004,6.459000000000003,5.524000000000001,17.720000000000002,268.0,1.0,1.8870000000000005,0.9849999999999994,0.6490000000000009,0.26200000000000045,297.0,7.0,0.0,0.0,15,0.0,8,12.333333333333334,0.0,0,2024,4,Suzuka Circuit
OCO,Alpine F1 Team,15.0,1.4590000000000032,0.6400000000000006,0.6060000000000016,0.4750000000000014,302.0,13.0,24.388000000000005,9.149999999999999,7.402999999999999,8.442,231.0,1.0,1.8790000000000049,0.7409999999999997,0.6700000000000017,0.48300000000000054,291.0,14.0,0.0,0.0,18,0.0,10,15.333333333333334,0.0,0,2024,4,Suzuka Circuit
STR,Aston Martin,16.0,1.7789999999999964,0.4039999999999999,0.8370000000000033,0.5030000000000001,299.0,16.0,14.053000000000004,3.200999999999997,3.9695000000000036,8.031499999999998,249.5,1.0,1.9990000000000094,0.48100000000000165,0.7540000000000049,0.4009999999999998,294.0,9.0,1.2600000000000051,9.0,9,25.0,5,11.666666666666666,0.3333333333333333,0,2024,4,Suzuka Circuit
GAS,Alpine F1 Team,17.0,1.578000000000003,0.6170000000000009,0.7010000000000005,0.4519999999999982,300.0,11.0,14.053000000000004,3.200999999999997,3.9695000000000036,8.031499999999998,249.5,1.0,2.2210000000000036,0.8269999999999982,0.9230000000000018,0.4740000000000002,290.0,12.0,0.11899999999999977,0.0,19,0.0,10,17.0,0.3333333333333333,0,2024,4,Suzuka Circuit
MAG,Haas F1 Team,18.0,1.899000000000001,1.158999999999999,0.7040000000000006,0.22800000000000153,301.0,15.0,14.053000000000004,3.200999999999997,3.9695000000000036,8.031499999999998,249.5,1.0,2.747,1.3350000000000009,1.0380000000000038,0.3689999999999998,297.0,13.0,0.3230000000000075,1.0,14,4.0,7,11.333333333333334,0.0,0,2024,4,Suzuka Circuit
SAR,Williams,19.0,1.8889999999999958,1.3049999999999997,0.6640000000000015,0.1819999999999986,309.0,11.0,14.053000000000004,3.200999999999997,3.9695000000000036,8.031499999999998,249.5,1.0,3.147999999999996,1.4529999999999959,1.0900000000000034,0.620000000000001,297.0,6.0,0.9189999999999969,0.0,21,0.0,8,17.0,0.0,0,2024,4,Suzuka Circuit
ZHO,Kick Sauber,20.0,1.5039999999999907,0.7759999999999962,0.6230000000000047,0.3670000000000009,293.0,10.0,28.592,9.692,7.6469999999999985,11.86,186.0,1.0,2.582000000000008,1.0549999999999997,1.0400000000000063,0.5010000000000012,290.0,10.0,0.5209999999999866,0.0,16,0.0,9,14.666666666666666,0.0,0,2024,4,Suzuka Circuit
VER,Red Bull,1.0,,,,,,,,,,,,,0.3579999999999899,0.21000000000000085,0.1180000000000021,0.03999999999999915,320.0,16.0,,77.0,1,141.0,1,7.0,0.3333333333333333,0,2024,5,Shanghai International Circuit
PER,Red Bull,2.0,,,,,,,,,,,,,0.387999999999991,0.3160000000000025,0.1650000000000027,0.0,320.0,14.0,,64.0,2,141.0,1,3.0,0.0,0,2024,5,Shanghai International Circuit
ALO,Aston Martin,3.0,,,,,,,,,,,,,2.6340000000000003,0.7729999999999997,0.9180000000000028,1.1000000000000014,321.0,15.0,,24.0,8,33.0,5,6.333333333333333,0.0,0,2024,5,Shanghai International Circuit
NOR,McLaren,4.0,,,,,,,,,,,,,2.3279999999999887,0.6690000000000005,0.870000000000001,0.9009999999999962,319.0,12.0,,37.0,5,69.0,3,5.333333333333333,0.0,0,2024,5,Shanghai International Circuit
PIA,McLaren,5.0,,,,,,,,,,,,,0.3269999999999982,0.0,0.48400000000000176,0.10499999999999687,317.0,15.0,,32.0,6,69.0,3,5.333333333333333,0.0,0,2024,5,Shanghai International Circuit
LEC,Ferrari,6.0,,,,,,,,,,,,,1.7879999999999967,0.7980000000000018,0.5980000000000025,0.5429999999999993,320.0,13.0,,59.0,3,120.0,2,3.0,0.0,0,2024,5,Shanghai International Circuit
SAI,Ferrari,7.0,,,,,,,,,,,,,1.9819999999999993,0.8100000000000023,0.6539999999999999,0.5970000000000013,320.0,10.0,,55.0,4,120.0,2,2.0,0.0,0,2024,5,Shanghai International Circuit
RUS,Mercedes,8.0,,,,,,,,,,,,,2.5039999999999907,0.9150000000000027,0.9570000000000007,0.8939999999999984,318.0,13.0,,24.0,7,34.0,4,10.0,0.3333333333333333,0,2024,5,Shanghai International Circuit
HUL,Haas F1 Team,9.0,,,,,,,,,,,,,0.7989999999999924,0.32500000000000284,0.36299999999999955,0.3509999999999991,322.0,16.0,,3.0,13,4.0,7,10.0,0.0,0,2024,5,Shanghai International Circuit
BOT,Kick Sauber,10.0,,,,,,,,,,,,,1.2279999999999944,0.4120000000000026,0.5030000000000001,0.3739999999999952,320.0,16.0,,0.0,20,0.0,9,15.0,0.0,0,2024,5,Shanghai International Circuit
STR,Aston Martin,11.0,,,,,,,,,,,,,0.0,0.12100000000000222,0.0,0.14099999999999824,328.0,15.0,,9.0,10,33.0,5,12.333333333333334,0.3333333333333333,0,2024,5,Shanghai International Circuit
RIC,RB F1 Team,12.0,,,,,,,,,,,,,0.9359999999999928,0.35800000000000054,0.5340000000000025,0.2220000000000013,322.0,17.0,,0.0,17,7.0,6,15.666666666666666,0.3333333333333333,0,2024,5,Shanghai International Circuit
OCO,Alpine F1 Team,13.0,,,,,,,,,,,,,0.9109999999999872,0.3000000000000007,0.21100000000000207,0.2879999999999967,320.0,14.0,,0.0,18,0.0,10,14.666666666666666,0.0,0,2024,5,Shanghai International Circuit
ALB,Williams,14.0,,,,,,,,,,,,,0.9269999999999925,0.397000000000002,0.5259999999999998,0.26599999999999824,318.0,11.0,,0.0,15,0.0,8,14.0,0.3333333333333333,0,2024,5,Shanghai International Circuit
GAS,Alpine F1 Team,15.0,,,,,,,,,,,,,2.9739999999999895,1.0080000000000027,0.9510000000000005,1.277000000000001,313.0,13.0,,0.0,19,0.0,10,16.333333333333332,0.3333333333333333,0,2024,5,Shanghai International Circuit
ZHO,Kick Sauber,16.0,,,,,,,,,,,,,1.323999999999998,0.46000000000000085,0.2920000000000016,0.6700000000000017,318.0,18.0,,0.0,16,0.0,9,17.0,0.3333333333333333,0,2024,5,Shanghai International Circuit
MAG,Haas F1 Team,17.0,,,,,,,,,,,,,0.8159999999999883,0.41300000000000026,0.397000000000002,0.2680000000000007,325.0,15.0,,1.0,14,4.0,7,11.666666666666666,0.0,0,2024,5,Shanghai International Circuit
HAM,Mercedes,18.0,,,,,,,,,,,,,2.536999999999992,0.7959999999999994,0.7560000000000002,1.1749999999999972,318.0,12.0,,10.0,9,34.0,4,12.0,0.3333333333333333,0,2024,5,Shanghai International Circuit
TSU,RB F1 Team,19.0,,,,,,,,,,,,,1.7039999999999935,0.48300000000000054,0.7560000000000002,0.7269999999999968,318.0,19.0,,7.0,11,7.0,6,10.666666666666666,0.0,0,2024,5,Shanghai International Circuit
SAR,Williams,20.0,,,,,,,,,,,,,1.9839999999999947,0.745000000000001,0.8270000000000017,0.5609999999999999,320.0,14.0,,0.0,21,0.0,8,15.5,0.0,0,2024,5,Shanghai International Circuit
VER,Red Bull,1.0,,,,,,,,,,,,,0.0,0.13300000000000267,0.0,0.4460000000000015,339.0,16.0,,110.0,1,195.0,1,7.0,0.3333333333333333,1,2024,6,Miami International Autodrome
LEC,Ferrari,2.0,,,,,,,,,,,,,3.504000000000005,1.3309999999999995,1.5949999999999989,1.157,313.0,1.0,,76.0,3,151.0,2,3.3333333333333335,0.0,1,2024,6,Miami International Autodrome
SAI,Ferrari,3.0,,,,,,,,,,,,,0.11599999999999966,0.13899999999999935,0.30000000000000426,0.2560000000000002,337.0,16.0,,69.0,4,151.0,2,3.0,0.0,1,2024,6,Miami International Autodrome
PER,Red Bull,4.0,,,,,,,,,,,,,0.27299999999999613,0.4559999999999995,0.2959999999999994,0.10000000000000142,340.0,12.0,,85.0,2,195.0,1,3.3333333333333335,0.0,1,2024,6,Miami International Autodrome
NOR,McLaren,5.0,,,,,,,,,,,,,0.9000000000000057,0.5530000000000008,0.42799999999999727,0.36299999999999955,341.0,12.0,,58.0,5,96.0,3,3.3333333333333335,0.0,1,2024,6,Miami International Autodrome
PIA,McLaren,6.0,,,,,,,,,,,,,0.10500000000000398,0.2729999999999997,0.2539999999999978,0.15700000000000003,337.0,14.0,,38.0,6,96.0,3,6.666666666666667,0.0,1,2024,6,Miami International Autodrome
RUS,Mercedes,7.0,,,,,,,,,,,,,0.18900000000000716,0.0,0.3610000000000042,0.33800000000000097,336.0,15.0,,33.0,7,52.0,4,10.0,0.3333333333333333,1,2024,6,Miami International Autodrome
HAM,Mercedes,8.0,,,,,,,,,,,,,0.4170000000000016,0.10200000000000031,0.6060000000000016,0.28800000000000026,335.0,11.0,,19.0,9,52.0,4,12.0,0.3333333333333333,1,2024,6,Miami International Autodrome
HUL,Haas F1 Team,9.0,,,,,,,,,,,,,0.7189999999999941,0.7490000000000023,0.1980000000000004,0.0,340.0,17.0,,4.0,13,5.0,7,10.0,0.0,1,2024,6,Miami International Autodrome
TSU,RB F1 Team,10.0,,,,,,,,,,,,,0.4609999999999985,0.3880000000000017,0.19899999999999807,0.3039999999999985,335.0,14.0,,7.0,11,7.0,6,12.0,0.3333333333333333,1,2024,6,Miami International Autodrome
STR,Aston Martin,11.0,,,,,,,,,,,,,0.2219999999999942,0.3410000000000011,0.3119999999999976,0.1479999999999997,343.0,19.0,,9.0,10,40.0,5,11.0,0.0,1,2024,6,Miami International Autodrome
GAS,Alpine F1 Team,12.0,,,,,,,,,,,,,0.5799999999999983,0.27500000000000213,0.5290000000000035,0.3550000000000004,335.0,21.0,,0.0,19,0.0,9,14.0,0.0,1,2024,6,Miami International Autodrome
OCO,Alpine F1 Team,13.0,,,,,,,,,,,,,0.5679999999999978,0.3180000000000014,0.5230000000000032,0.28300000000000125,337.0,17.0,,0.0,16,0.0,9,14.0,0.0,1,2024,6,Miami International Autodrome
ALB,Williams,14.0,,,,,,,,,,,,,0.7980000000000018,0.7850000000000001,0.365000000000002,0.053000000000000824,343.0,16.0,,0.0,15,0.0,8,14.333333333333334,0.3333333333333333,1,2024,6,Miami International Autodrome
ALO,Aston Martin,15.0,,,,,,,,,,,,,1.4279999999999973,0.8279999999999994,0.7650000000000006,0.4140000000000015,339.0,16.0,,31.0,8,40.0,5,7.0,0.0,1,2024,6,Miami International Autodrome
BOT,Kick Sauber,16.0,,,,,,,,,,,,,1.0409999999999968,0.397000000000002,0.605000000000004,0.38400000000000034,337.0,14.0,,0.0,20,0.0,10,16.0,0.3333333333333333,1,2024,6,Miami International Autodrome
SAR,Williams,17.0,,,,,,,,,,,,,1.2960000000000065,1.0519999999999996,0.5750000000000028,0.20599999999999952,342.0,13.0,,0.0,21,0.0,8,17.0,0.0,1,2024,6,Miami International Autodrome
RIC,RB F1 Team,18.0,,,,,,,,,,,,,0.5829999999999984,0.43400000000000105,0.40400000000000347,0.3240000000000016,337.0,20.0,,0.0,18,7.0,6,16.333333333333332,0.6666666666666666,1,2024,6,Miami International Autodrome
MAG,Haas F1 Team,19.0,,,,,,,,,,,,,0.5939999999999941,0.5199999999999996,0.42900000000000205,0.19500000000000028,340.0,18.0,,1.0,14,5.0,7,13.0,0.0,1,2024,6,Miami International Autodrome
ZHO,Kick Sauber,20.0,,,,,,,,,,,,,0.8499999999999943,0.5720000000000027,0.5769999999999982,0.28000000000000114,341.0,17.0,,0.0,17,0.0,10,15.666666666666666,0.3333333333333333,1,2024,6,Miami International Autodrome
VER,Red Bull,1.0,0.8370000000000033,0.13299999999999912,0.15399999999999991,0.21399999999999864,298.0,10.0,0.5409999999999968,0.01600000000000179,0.35600000000000165,0.24599999999999866,296.0,16.0,0.25,0.0,0.27699999999999747,0.0,298.0,9.0,0.0,136.0,1,239.0,1,1.3333333333333333,0.0,0,2024,7,Autodromo Enzo e Dino Ferrari
PIA,McLaren,2.0,0.0,0.0,0.0,0.04499999999999815,298.0,5.0,0.19199999999999307,0.06700000000000017,0.006000000000000227,0.2099999999999973,304.0,20.0,0.8170000000000073,0.18700000000000117,0.129999999999999,0.3210000000000015,301.0,15.0,0.0,41.0,6,124.0,3,9.666666666666666,0.0,0,2024,7,Autodromo Enzo e Dino Ferrari
NOR,McLaren,3.0,0.29999999999999716,0.259999999999998,0.08500000000000085,0.0,295.0,6.0,1.073999999999998,0.2960000000000029,0.3360000000000021,0.259999999999998,302.0,22.0,0.612000000000009,0.38400000000000034,0.3219999999999992,0.23300000000000054,301.0,8.0,0.29999999999999716,83.0,4,124.0,3,2.6666666666666665,0.0,0,2024,7,Autodromo Enzo e Dino Ferrari
LEC,Ferrari,4.0,0.5580000000000069,0.28800000000000026,0.12300000000000111,0.13299999999999912,297.0,9.0,0.0,0.0,0.0010000000000012221,0.07099999999999795,300.0,21.0,0.0,0.28300000000000125,0.0,0.018000000000000682,299.0,22.0,0.020000000000010232,98.0,3,187.0,2,3.6666666666666665,0.0,0,2024,7,Autodromo Enzo e Dino Ferrari
SAI,Ferrari,5.0,0.5379999999999967,0.2240000000000002,0.1479999999999997,0.08099999999999952,295.0,10.0,0.5169999999999959,0.1130000000000031,0.1930000000000014,0.22799999999999798,300.0,20.0,0.13000000000000966,0.240000000000002,0.09799999999999898,0.11899999999999977,298.0,17.0,0.0,83.0,5,187.0,2,4.333333333333333,0.0,0,2024,7,Autodromo Enzo e Dino Ferrari
RUS,Mercedes,6.0,0.5660000000000025,0.21399999999999864,0.2579999999999991,0.13899999999999935,294.0,5.0,0.40500000000000114,0.16400000000000148,0.0,0.29499999999999815,299.0,25.0,0.1039999999999992,0.31099999999999994,0.09600000000000009,0.02400000000000091,300.0,22.0,0.0,37.0,7,64.0,4,7.0,0.0,0,2024,7,Autodromo Enzo e Dino Ferrari
TSU,RB F1 Team,7.0,1.13900000000001,0.4480000000000004,0.32700000000000173,0.4089999999999989,293.0,5.0,0.37999999999999545,0.26000000000000156,0.12700000000000244,0.08399999999999963,300.0,26.0,0.39800000000001035,0.2530000000000001,0.13299999999999912,0.17800000000000082,300.0,22.0,0.10800000000000409,14.0,10,19.0,6,12.0,0.3333333333333333,0,2024,7,Autodromo Enzo e Dino Ferrari
HAM,Mercedes,8.0,1.4309999999999974,0.46000000000000085,0.17099999999999937,0.4349999999999987,292.0,7.0,0.39099999999999113,0.1930000000000014,0.1130000000000031,0.0,300.0,19.0,0.41800000000000637,0.3000000000000007,0.26500000000000057,0.1750000000000007,297.0,16.0,0.8649999999999949,27.0,9,64.0,4,8.0,0.0,0,2024,7,Autodromo Enzo e Dino Ferrari
RIC,RB F1 Team,9.0,1.031000000000006,0.4549999999999983,0.28999999999999915,0.3309999999999995,295.0,6.0,1.0609999999999928,0.5040000000000013,0.35600000000000165,0.15700000000000003,299.0,24.0,1.152000000000001,0.495000000000001,0.3329999999999984,0.5079999999999991,300.0,18.0,0.0,5.0,14,19.0,6,17.333333333333332,0.6666666666666666,0,2024,7,Autodromo Enzo e Dino Ferrari
HUL,Haas F1 Team,10.0,1.0180000000000007,0.48499999999999943,0.28200000000000003,0.2959999999999994,298.0,7.0,0.9199999999999875,0.46499999999999986,0.2980000000000018,0.23699999999999832,306.0,18.0,4.069000000000003,1.3910000000000018,1.3640000000000008,1.283999999999999,301.0,13.0,0.0,6.0,13,7.0,7,10.666666666666666,0.0,0,2024,7,Autodromo Enzo e Dino Ferrari
PER,Red Bull,11.0,1.1020000000000039,0.5619999999999976,0.28300000000000125,0.3019999999999996,295.0,10.0,0.6460000000000008,0.3360000000000021,0.05800000000000338,0.34299999999999997,298.0,15.0,0.2430000000000092,0.25,0.18499999999999872,0.13500000000000156,300.0,14.0,0.26500000000000057,103.0,2,239.0,1,3.0,0.0,0,2024,7,Autodromo Enzo e Dino Ferrari
OCO,Alpine F1 Team,12.0,0.9519999999999982,0.49099999999999966,0.3030000000000008,0.2029999999999994,292.0,9.0,1.1019999999999897,0.5030000000000001,0.3200000000000003,0.2989999999999995,296.0,25.0,1.6219999999999999,0.8689999999999998,0.6229999999999976,0.375,296.0,22.0,0.0,1.0,15,1.0,8,12.0,0.0,0,2024,7,Autodromo Enzo e Dino Ferrari
STR,Aston Martin,13.0,1.01400000000001,0.3789999999999978,0.33699999999999974,0.34299999999999997,292.0,14.0,1.0849999999999937,0.360000000000003,0.3030000000000008,0.4139999999999979,298.0,20.0,1.0820000000000078,0.522000000000002,0.3960000000000008,0.4299999999999997,300.0,14.0,0.0,9.0,11,42.0,5,14.666666666666666,0.0,0,2024,7,Autodromo Enzo e Dino Ferrari
ALB,Williams,14.0,0.9410000000000025,0.3030000000000008,0.3000000000000007,0.3829999999999991,299.0,5.0,1.2289999999999992,0.4230000000000018,0.38700000000000045,0.375,301.0,17.0,3.0600000000000023,1.2119999999999997,1.259999999999998,0.9149999999999991,300.0,4.0,0.0,0.0,17,0.0,9,16.666666666666668,0.3333333333333333,0,2024,7,Autodromo Enzo e Dino Ferrari
GAS,Alpine F1 Team,15.0,1.8320000000000078,0.7390000000000008,0.6280000000000001,0.4889999999999972,292.0,8.0,1.157999999999987,0.5580000000000034,0.272000000000002,0.4139999999999979,295.0,24.0,0.9150000000000063,0.5360000000000014,0.3689999999999998,0.22500000000000142,298.0,14.0,0.8800000000000097,0.0,19,1.0,8,13.666666666666666,0.0,0,2024,7,Autodromo Enzo e Dino Ferrari
BOT,Kick Sauber,16.0,1.1659999999999968,0.5990000000000002,0.36100000000000065,0.25099999999999767,293.0,5.0,1.181999999999988,0.49900000000000233,0.3550000000000004,0.26500000000000057,299.0,21.0,1.8370000000000033,0.7040000000000006,0.8079999999999998,0.6140000000000008,296.0,14.0,0.0,0.0,20,0.0,10,16.666666666666668,0.3333333333333333,0,2024,7,Autodromo Enzo e Dino Ferrari
ZHO,Kick Sauber,17.0,2.362000000000009,0.815999999999999,0.7789999999999999,0.5990000000000002,292.0,4.0,1.6999999999999886,0.5030000000000001,0.7000000000000028,0.41199999999999903,301.0,20.0,2.13900000000001,0.786999999999999,0.8879999999999981,0.46300000000000097,301.0,12.0,1.1960000000000122,0.0,18,0.0,10,15.333333333333334,0.3333333333333333,0,2024,7,Autodromo Enzo e Dino Ferrari
MAG,Haas F1 Team,18.0,1.3940000000000055,0.5549999999999997,0.3420000000000023,0.33399999999999963,297.0,6.0,1.222999999999999,0.6710000000000029,0.4880000000000031,0.15499999999999758,304.0,24.0,0.8770000000000095,0.38400000000000034,0.3219999999999992,0.3210000000000015,300.0,14.0,0.3760000000000048,1.0,16,7.0,7,16.0,0.0,0,2024,7,Autodromo Enzo e Dino Ferrari
ALO,Aston Martin,19.0,1.8100000000000023,0.4579999999999984,0.5640000000000001,0.5429999999999993,290.0,6.0,0.931999999999988,0.24900000000000233,0.2640000000000029,0.41699999999999804,298.0,23.0,0.8770000000000095,0.30600000000000094,0.20400000000000063,0.4450000000000003,301.0,10.0,0.7959999999999923,33.0,8,42.0,5,7.333333333333333,0.0,0,2024,7,Autodromo Enzo e Dino Ferrari
SAR,Williams,20.0,1.2650000000000006,0.4250000000000007,0.5130000000000017,0.27099999999999724,300.0,7.0,1.941999999999993,0.6230000000000011,0.6810000000000009,0.7289999999999992,304.0,16.0,3.2250000000000085,0.754999999999999,0.6920000000000002,0.9319999999999986,302.0,14.0,0.32399999999999807,0.0,21,0.0,9,18.0,0.3333333333333333,0,2024,7,Autodromo Enzo e Dino Ferrari
LEC,Ferrari,1.0,0.0,0.1440000000000019,0.0,0.012999999999998124,281.0,18.0,0.0,0.0,0.0,0.0,283.0,29.0,0.22800000000000864,0.0,0.30799999999999983,0.006999999999997897,278.0,24.0,0.0,113.0,2,212.0,2,3.3333333333333335,0.0,1,2024,8,Circuit de Monaco
PIA,McLaren,2.0,0.5319999999999965,0.3569999999999993,0.22299999999999898,0.10899999999999821,281.0,14.0,1.0879999999999939,0.36999999999999744,0.44299999999999784,0.2940000000000005,281.0,25.0,0.028999999999996362,0.17299999999999827,0.0,0.06400000000000006,279.0,25.0,0.0,53.0,6,154.0,3,8.333333333333334,0.0,1,2024,8,Circuit de Monaco
SAI,Ferrari,3.0,0.6099999999999994,0.3490000000000002,0.2640000000000029,0.0,284.0,16.0,0.6839999999999975,0.29399999999999693,0.18299999999999983,0.21199999999999974,281.0,28.0,0.7849999999999966,0.21199999999999974,0.40500000000000114,0.24899999999999878,279.0,29.0,0.6099999999999994,93.0,5,212.0,2,5.0,0.0,1,2024,8,Circuit de Monaco
NOR,McLaren,4.0,0.6189999999999998,0.2970000000000006,0.22399999999999665,0.053999999999998494,281.0,16.0,0.6749999999999972,0.3099999999999987,0.1909999999999954,0.3550000000000004,281.0,27.0,0.22700000000000387,0.09600000000000009,0.2079999999999984,0.13100000000000023,278.0,25.0,0.0870000000000033,101.0,4,154.0,3,1.6666666666666667,0.0,1,2024,8,Circuit de Monaco
RUS,Mercedes,5.0,0.5990000000000038,0.1479999999999997,0.267000000000003,0.1509999999999998,282.0,25.0,0.9819999999999993,0.2359999999999971,0.4720000000000013,0.41799999999999926,281.0,21.0,0.12600000000000477,0.05099999999999838,0.14699999999999847,0.046999999999997044,281.0,27.0,0.2580000000000098,44.0,7,79.0,4,7.0,0.0,1,2024,8,Circuit de Monaco
VER,Red Bull,6.0,0.19700000000000273,0.0,0.2779999999999987,0.05000000000000071,284.0,23.0,0.5349999999999966,0.21899999999999764,0.3399999999999963,0.17900000000000205,279.0,25.0,0.8149999999999977,0.27199999999999847,0.3999999999999986,0.17299999999999827,279.0,20.0,0.0,161.0,1,268.0,1,1.3333333333333333,0.0,1,2024,8,Circuit de Monaco
HAM,Mercedes,7.0,0.340999999999994,0.21100000000000207,0.20900000000000318,0.04100000000000037,281.0,14.0,0.18799999999998818,0.1280000000000001,0.16799999999999926,0.09499999999999886,279.0,25.0,0.0,0.07000000000000028,0.13799999999999812,0.0,281.0,27.0,0.0,35.0,8,79.0,4,7.0,0.0,1,2024,8,Circuit de Monaco
TSU,RB F1 Team,8.0,0.6219999999999999,0.3710000000000022,0.25,0.15800000000000125,276.0,22.0,1.070999999999998,0.4889999999999972,0.3539999999999992,0.40800000000000125,277.0,30.0,0.7060000000000031,0.23999999999999844,0.4480000000000004,0.19299999999999784,276.0,28.0,0.0,15.0,10,20.0,6,12.0,0.3333333333333333,1,2024,8,Circuit de Monaco
ALB,Williams,9.0,0.811000000000007,0.25,0.5289999999999964,0.18900000000000006,279.0,16.0,0.9789999999999992,0.3289999999999971,0.509999999999998,0.19000000000000128,279.0,30.0,1.2560000000000002,0.5219999999999985,0.7319999999999993,0.2099999999999973,276.0,28.0,0.0,0.0,17,0.0,9,16.666666666666668,0.3333333333333333,1,2024,8,Circuit de Monaco
GAS,Alpine F1 Team,10.0,0.7750000000000057,0.33800000000000097,0.13000000000000256,0.41000000000000014,280.0,22.0,1.4719999999999942,0.39599999999999724,0.5899999999999963,0.4490000000000016,278.0,29.0,3.405000000000001,1.2369999999999983,1.5670000000000002,0.8089999999999975,276.0,5.0,0.0,0.0,19,1.0,8,13.666666666666666,0.0,1,2024,8,Circuit de Monaco
OCO,Alpine F1 Team,11.0,1.1029999999999944,0.45899999999999963,0.4269999999999996,0.23999999999999844,278.0,19.0,1.2759999999999962,0.4629999999999974,0.5649999999999977,0.3910000000000018,278.0,28.0,1.990000000000009,0.7289999999999992,0.9099999999999966,0.5009999999999977,273.0,27.0,0.32799999999998875,1.0,15,1.0,8,11.666666666666666,0.0,1,2024,8,Circuit de Monaco
RIC,RB F1 Team,12.0,1.4599999999999937,0.6870000000000012,0.5690000000000026,0.2699999999999996,276.0,19.0,1.2989999999999924,0.5459999999999994,0.4899999999999949,0.32700000000000173,278.0,30.0,0.7319999999999993,0.36499999999999844,0.3930000000000007,0.1819999999999986,276.0,30.0,0.8379999999999939,5.0,14,20.0,6,15.333333333333334,0.3333333333333333,1,2024,8,Circuit de Monaco
STR,Aston Martin,13.0,0.9620000000000033,0.3440000000000012,0.37299999999999756,0.3520000000000003,281.0,19.0,0.7839999999999918,0.28200000000000003,0.23199999999999932,0.3670000000000009,281.0,18.0,0.6200000000000045,0.30900000000000105,0.24399999999999977,0.22299999999999898,279.0,20.0,0.24399999999999977,11.0,11,44.0,5,13.666666666666666,0.0,1,2024,8,Circuit de Monaco
HUL,Haas F1 Team,14.0,0.8229999999999933,0.41600000000000037,0.2819999999999965,0.11599999999999966,283.0,18.0,1.2909999999999968,0.5119999999999969,0.580999999999996,0.32700000000000173,282.0,26.0,1.4069999999999965,0.5990000000000002,0.6580000000000013,0.2909999999999968,282.0,26.0,0.0,6.0,13,7.0,7,10.666666666666666,0.0,1,2024,8,Circuit de Monaco
ALO,Aston Martin,14.0,0.7180000000000035,0.3180000000000014,0.32099999999999795,0.23600000000000065,282.0,17.0,0.4749999999999943,0.21699999999999875,0.1529999999999987,0.2530000000000001,280.0,29.0,0.6060000000000088,0.28200000000000003,0.30799999999999983,0.2240000000000002,277.0,20.0,0.0,33.0,9,44.0,5,11.666666666666666,0.0,1,2024,8,Circuit de Monaco
SAR,Williams,15.0,1.3340000000000032,0.5190000000000019,0.5529999999999973,0.24399999999999977,281.0,15.0,1.5120000000000005,0.5,0.6799999999999997,0.46699999999999875,281.0,23.0,1.9810000000000088,0.7390000000000008,0.9750000000000014,0.42299999999999827,279.0,28.0,0.5229999999999961,0.0,21,0.0,9,18.0,0.3333333333333333,1,2024,8,Circuit de Monaco
MAG,Haas F1 Team,15.0,0.8469999999999942,0.42600000000000193,0.2610000000000028,0.18499999999999872,283.0,25.0,1.1949999999999932,0.45099999999999696,0.42899999999999494,0.5180000000000007,282.0,25.0,1.2210000000000036,0.46000000000000085,0.5949999999999989,0.3049999999999997,278.0,25.0,0.02400000000000091,1.0,16,7.0,7,15.666666666666666,0.0,1,2024,8,Circuit de Monaco
PER,Red Bull,16.0,0.554000000000002,0.4239999999999995,0.2120000000000033,0.07499999999999929,283.0,16.0,0.820999999999998,0.42299999999999827,0.25799999999999557,0.3069999999999986,279.0,23.0,1.0600000000000023,0.33200000000000074,0.5150000000000006,0.4209999999999994,279.0,17.0,0.3569999999999993,107.0,3,268.0,1,5.0,0.0,1,2024,8,Circuit de Monaco
BOT,Kick Sauber,17.0,0.7180000000000035,0.3490000000000002,0.267000000000003,0.15800000000000125,281.0,18.0,1.7789999999999964,0.6979999999999968,0.8039999999999949,0.43100000000000094,277.0,25.0,1.0790000000000077,0.4519999999999982,0.4089999999999989,0.3719999999999999,279.0,22.0,0.0,0.0,20,0.0,10,18.0,0.3333333333333333,1,2024,8,Circuit de Monaco
ZHO,Kick Sauber,18.0,2.4609999999999985,0.9610000000000021,1.0189999999999984,0.5829999999999984,279.0,22.0,2.4949999999999903,0.9209999999999994,1.0850000000000009,0.6920000000000002,278.0,24.0,2.4009999999999962,0.8009999999999984,0.9329999999999998,0.7809999999999988,279.0,22.0,0.0,0.0,18,0.0,10,14.333333333333334,0.0,1,2024,8,Circuit de Monaco
RUS,Mercedes,1.0,0.40799999999998704,0.2170000000000023,0.03200000000000003,0.16100000000000136,328.0,25.0,0.46299999999999386,0.036000000000001364,0.3549999999999969,0.1460000000000008,327.0,14.0,4.1059999999999945,1.6820000000000022,2.536999999999999,1.5300000000000011,319.0,3.0,0.40799999999998704,54.0,7,96.0,4,6.666666666666667,0.0,0,2024,9,Circuit Gilles Villeneuve
VER,Red Bull,2.0,0.3739999999999952,0.17300000000000182,0.21000000000000085,0.0,325.0,24.0,3.5010000000000048,1.5,1.328999999999997,0.9540000000000006,299.0,1.0,2.066999999999993,0.40800000000000125,1.725999999999999,0.8620000000000019,324.0,4.0,0.0,169.0,1,276.0,1,3.0,0.0,0,2024,9,Circuit Gilles Villeneuve
NOR,McLaren,3.0,0.7439999999999998,0.22100000000000009,0.15500000000000114,0.3440000000000012,323.0,23.0,5.033000000000001,1.5820000000000007,1.597999999999999,2.1350000000000016,322.0,15.0,0.0,0.9250000000000007,0.8779999999999966,0.15399999999999991,316.0,3.0,0.027000000000001023,113.0,3,184.0,3,2.3333333333333335,0.0,0,2024,9,Circuit Gilles Villeneuve
PIA,McLaren,4.0,0.7169999999999987,0.27500000000000213,0.28999999999999915,0.12900000000000134,337.0,23.0,3.1979999999999933,0.8279999999999994,0.7809999999999988,1.0259999999999998,323.0,14.0,2.3190000000000026,1.9009999999999998,1.5279999999999987,0.8470000000000013,316.0,2.0,0.0,71.0,6,184.0,3,6.333333333333333,0.0,0,2024,9,Circuit Gilles Villeneuve
RIC,RB F1 Team,5.0,0.7299999999999898,0.31099999999999994,0.240000000000002,0.1509999999999998,330.0,23.0,0.9209999999999923,0.004000000000001336,0.4319999999999986,0.7669999999999995,333.0,17.0,4.146999999999991,0.7970000000000006,2.2459999999999987,3.061,323.0,5.0,0.0,5.0,14,24.0,6,13.333333333333334,0.0,0,2024,9,Circuit Gilles Villeneuve
ALO,Aston Martin,6.0,0.7909999999999968,0.3569999999999993,0.2759999999999998,0.1670000000000016,328.0,22.0,0.0,0.007999999999999119,0.24299999999999855,0.0,327.0,18.0,8.975999999999999,4.333000000000002,3.0269999999999975,3.5730000000000004,302.0,1.0,0.31400000000000716,33.0,9,44.0,5,13.0,0.0,0,2024,9,Circuit Gilles Villeneuve
HAM,Mercedes,7.0,0.0,0.0,0.0,0.009000000000000341,328.0,23.0,1.097999999999999,0.0,0.0,0.8810000000000002,330.0,19.0,1.5349999999999966,0.9920000000000009,2.3009999999999984,0.0,322.0,5.0,0.0,42.0,8,96.0,4,6.333333333333333,0.0,0,2024,9,Circuit Gilles Villeneuve
TSU,RB F1 Team,8.0,1.1669999999999874,0.48600000000000065,0.23100000000000165,0.45899999999999963,328.0,20.0,1.1409999999999911,0.49599999999999866,0.482999999999997,0.44399999999999906,328.0,16.0,4.287999999999997,1.019000000000002,1.3349999999999973,2.914999999999999,326.0,5.0,0.4369999999999976,19.0,10,24.0,6,8.333333333333334,0.0,0,2024,9,Circuit Gilles Villeneuve
STR,Aston Martin,9.0,0.47699999999998965,0.28699999999999903,0.09199999999999875,0.07199999999999918,331.0,18.0,0.6539999999999964,0.009000000000000341,0.44899999999999807,0.3810000000000002,328.0,20.0,16.095,2.950000000000003,10.042000000000002,5.060000000000002,298.0,1.0,0.0,11.0,11,44.0,5,13.333333333333334,0.0,0,2024,9,Circuit Gilles Villeneuve
ALB,Williams,10.0,1.3309999999999889,0.4220000000000006,0.2920000000000016,0.33699999999999974,328.0,14.0,1.1670000000000016,0.10800000000000054,0.3609999999999971,0.6149999999999984,325.0,16.0,3.6230000000000047,1.019000000000002,2.126999999999999,2.347999999999999,318.0,3.0,0.21699999999999875,2.0,15,2.0,8,15.666666666666666,0.3333333333333333,0,2024,9,Circuit Gilles Villeneuve
LEC,Ferrari,11.0,0.7999999999999972,0.34299999999999997,0.30100000000000193,0.16499999999999915,324.0,16.0,0.7459999999999951,0.29799999999999827,0.27199999999999847,0.4579999999999984,324.0,17.0,0.8709999999999951,0.5470000000000006,0.0,1.131999999999998,325.0,6.0,0.0,138.0,2,252.0,2,2.3333333333333335,0.0,0,2024,9,Circuit Gilles Villeneuve
SAI,Ferrari,12.0,1.0209999999999866,0.40300000000000225,0.26399999999999935,0.36299999999999955,323.0,23.0,1.911999999999992,0.13200000000000145,0.8939999999999984,1.1679999999999993,319.0,22.0,0.32800000000000296,0.0,1.1969999999999992,1.088000000000001,318.0,6.0,0.22099999999998943,108.0,4,252.0,2,4.333333333333333,0.0,0,2024,9,Circuit Gilles Villeneuve
SAR,Williams,13.0,1.11399999999999,0.4750000000000014,0.21499999999999986,0.26200000000000045,333.0,21.0,1.6859999999999928,0.6819999999999986,0.6869999999999976,0.5990000000000002,324.0,15.0,12.150999999999996,4.026,7.734000000000002,2.347999999999999,318.0,1.0,0.0,0.0,21,2.0,8,17.333333333333332,0.3333333333333333,0,2024,9,Circuit Gilles Villeneuve
MAG,Haas F1 Team,14.0,0.8899999999999864,0.3569999999999993,0.39199999999999946,0.0779999999999994,328.0,22.0,0.9629999999999939,0.35300000000000153,0.7199999999999989,0.1720000000000006,329.0,11.0,4.617000000000004,1.2190000000000012,2.126999999999999,3.2280000000000015,297.0,2.0,0.0,1.0,17,7.0,7,17.0,0.3333333333333333,0,2024,9,Circuit Gilles Villeneuve
GAS,Alpine F1 Team,15.0,1.1879999999999882,0.3760000000000012,0.46199999999999974,0.3099999999999987,322.0,21.0,4.978999999999999,1.4549999999999983,1.8959999999999972,1.5150000000000006,321.0,20.0,3.149000000000001,1.8870000000000005,1.1229999999999976,1.8059999999999974,314.0,4.0,0.0,1.0,18,2.0,9,12.666666666666666,0.0,0,2024,9,Circuit Gilles Villeneuve
PER,Red Bull,16.0,0.7929999999999922,0.3490000000000002,0.2980000000000018,0.12099999999999866,327.0,23.0,1.2309999999999945,0.3730000000000011,0.6600000000000001,0.4800000000000004,326.0,12.0,3.6230000000000047,0.5860000000000021,2.282,2.665999999999997,321.0,6.0,0.41899999999999693,107.0,5,276.0,1,10.0,0.3333333333333333,0,2024,9,Circuit Gilles Villeneuve
BOT,Kick Sauber,17.0,1.0929999999999893,0.41100000000000136,0.44399999999999906,0.16999999999999815,329.0,22.0,2.006999999999991,0.3359999999999985,0.9009999999999998,0.7699999999999996,312.0,16.0,3.2349999999999994,0.6750000000000007,1.8709999999999987,2.646000000000001,290.0,3.0,0.0,0.0,20,0.0,10,15.666666666666666,0.0,0,2024,9,Circuit Gilles Villeneuve
OCO,Alpine F1 Team,18.0,1.5259999999999962,0.5630000000000024,0.5440000000000005,0.4280000000000008,325.0,23.0,1.6069999999999993,0.5,0.6020000000000003,0.7349999999999994,321.0,26.0,3.6230000000000047,1.019000000000002,2.126999999999999,2.347999999999999,318.0,3.0,0.33800000000000807,1.0,16,2.0,9,13.666666666666666,0.3333333333333333,0,2024,9,Circuit Gilles Villeneuve
HUL,Haas F1 Team,19.0,1.2279999999999944,0.4740000000000002,0.4280000000000008,0.33500000000000085,329.0,19.0,2.0930000000000035,0.010000000000001563,1.3269999999999982,1.0380000000000003,308.0,14.0,8.390999999999991,3.6850000000000023,3.2799999999999976,3.3829999999999956,304.0,1.0,0.33800000000000807,6.0,13,7.0,7,13.666666666666666,0.3333333333333333,0,2024,9,Circuit Gilles Villeneuve
ZHO,Kick Sauber,20.0,6.106999999999999,1.9160000000000004,1.940999999999999,2.2590000000000003,302.0,2.0,3.277000000000001,1.0420000000000016,1.1469999999999985,1.370000000000001,327.0,12.0,3.6230000000000047,1.019000000000002,2.126999999999999,2.347999999999999,318.0,3.0,5.01400000000001,0.0,19,0.0,10,15.0,0.0,0,2024,9,Circuit Gilles Villeneuve
NOR,McLaren,1.0,0.030000000000001137,0.09399999999999764,0.06099999999999994,0.022999999999999687,320.0,6.0,0.05500000000000682,0.19399999999999906,0.0,0.12100000000000222,321.0,23.0,0.0,0.0,0.053000000000000824,0.03500000000000014,337.0,18.0,0.0,131.0,3,212.0,3,2.6666666666666665,0.0,0,2024,10,Circuit de Barcelona-Catalunya
VER,Red Bull,2.0,0.07399999999999807,0.10799999999999699,0.05299999999999727,0.06099999999999994,322.0,16.0,0.2400000000000091,0.0,0.44200000000000017,0.05799999999999983,326.0,19.0,0.02400000000000091,0.11200000000000188,0.0,0.0,317.0,14.0,0.0,194.0,1,301.0,1,2.6666666666666665,0.0,0,2024,10,Circuit de Barcelona-Catalunya
HAM,Mercedes,3.0,0.3459999999999894,0.14999999999999858,0.011999999999996902,0.33200000000000074,323.0,12.0,0.0,0.16900000000000048,0.053000000000000824,0.015000000000000568,322.0,16.0,0.6830000000000069,0.07900000000000063,0.23999999999999844,0.4519999999999982,324.0,18.0,0.19499999999999318,55.0,8,124.0,4,5.666666666666667,0.0,0,2024,10,Circuit de Barcelona-Catalunya
RUS,Mercedes,4.0,0.15099999999999625,0.10199999999999676,0.04499999999999815,0.08999999999999986,326.0,10.0,0.4579999999999984,0.04400000000000048,0.19399999999999906,0.17099999999999937,328.0,18.0,0.3860000000000099,0.24200000000000088,0.12399999999999878,0.09399999999999764,324.0,21.0,0.0,69.0,7,124.0,4,5.0,0.0,0,2024,10,Circuit de Barcelona-Catalunya
LEC,Ferrari,5.0,0.03699999999999193,0.0,0.0,0.18500000000000227,327.0,8.0,0.3329999999999984,0.03300000000000125,0.2699999999999996,0.2900000000000027,324.0,12.0,1.206000000000003,0.21600000000000108,0.7259999999999991,0.3520000000000003,321.0,12.0,0.03699999999999193,138.0,2,252.0,2,7.666666666666667,0.3333333333333333,0,2024,10,Circuit de Barcelona-Catalunya
SAI,Ferrari,6.0,0.0,0.038999999999997925,0.04099999999999682,0.0,327.0,9.0,0.02200000000000557,0.006000000000000227,0.1280000000000001,0.1479999999999997,327.0,20.0,0.3440000000000083,0.1490000000000009,0.21199999999999974,0.07099999999999795,325.0,22.0,0.0,108.0,4,252.0,2,8.0,0.3333333333333333,0,2024,10,Circuit de Barcelona-Catalunya
GAS,Alpine F1 Team,7.0,0.9509999999999934,0.18099999999999739,0.30799999999999983,0.41600000000000037,323.0,7.0,0.17900000000000205,0.2660000000000018,0.17300000000000182,0.0,326.0,19.0,1.2560000000000002,0.46799999999999997,0.5730000000000004,0.30299999999999727,316.0,11.0,0.013999999999995794,3.0,15,5.0,8,11.666666666666666,0.0,0,2024,10,Circuit de Barcelona-Catalunya
PER,Red Bull,8.0,0.7099999999999937,0.3559999999999981,0.21799999999999997,0.2840000000000025,325.0,7.0,0.8170000000000073,0.30100000000000193,0.6050000000000004,0.17099999999999937,321.0,13.0,0.46399999999999864,0.19700000000000273,0.2519999999999989,0.10299999999999798,322.0,19.0,0.6359999999999957,107.0,5,301.0,1,14.666666666666666,0.6666666666666666,0,2024,10,Circuit de Barcelona-Catalunya
OCO,Alpine F1 Team,9.0,0.9369999999999976,0.1109999999999971,0.472999999999999,0.5010000000000012,324.0,9.0,0.5020000000000095,0.3210000000000015,0.38899999999999935,0.0519999999999996,326.0,24.0,0.8580000000000041,0.28800000000000026,0.3999999999999986,0.2579999999999991,322.0,22.0,0.0,2.0,17,5.0,8,13.666666666666666,0.3333333333333333,0,2024,10,Circuit de Barcelona-Catalunya
PIA,McLaren,10.0,0.8939999999999912,0.2699999999999996,0.13999999999999702,0.6010000000000026,317.0,5.0,0.3580000000000041,0.06599999999999895,0.2220000000000013,0.33000000000000185,325.0,19.0,0.63900000000001,0.04899999999999949,0.3979999999999997,0.2799999999999976,332.0,17.0,0.8639999999999901,81.0,6,212.0,3,3.6666666666666665,0.0,0,2024,10,Circuit de Barcelona-Catalunya
ALO,Aston Martin,11.0,0.7729999999999961,0.1789999999999985,0.3329999999999984,0.4090000000000025,326.0,10.0,0.8269999999999982,0.19000000000000128,0.44099999999999895,0.4559999999999995,322.0,20.0,0.9939999999999998,0.32700000000000173,0.4039999999999999,0.3509999999999991,330.0,18.0,0.0,41.0,9,58.0,5,12.0,0.0,0,2024,10,Circuit de Barcelona-Catalunya
BOT,Kick Sauber,12.0,1.0109999999999957,0.2029999999999994,0.36599999999999966,0.5370000000000026,325.0,11.0,0.6600000000000108,0.17600000000000193,0.3719999999999999,0.3719999999999999,326.0,21.0,1.2439999999999998,0.6509999999999998,0.46799999999999997,0.2129999999999974,313.0,12.0,0.0,0.0,20,0.0,10,14.666666666666666,0.0,0,2024,10,Circuit de Barcelona-Catalunya
HUL,Haas F1 Team,13.0,0.9619999999999891,0.34699999999999775,0.33699999999999974,0.42600000000000193,325.0,12.0,0.7890000000000015,0.13599999999999923,0.5689999999999991,0.3440000000000012,324.0,21.0,1.1890000000000072,0.32700000000000173,0.4039999999999999,0.3509999999999991,322.0,18.0,0.0,6.0,14,7.0,7,13.666666666666666,0.3333333333333333,0,2024,10,Circuit de Barcelona-Catalunya
STR,Aston Martin,14.0,1.2409999999999997,0.32399999999999807,0.5059999999999967,0.485000000000003,322.0,9.0,1.1380000000000052,0.2259999999999991,0.7210000000000001,0.4510000000000005,323.0,18.0,1.284000000000006,0.35800000000000054,0.6319999999999979,0.3819999999999979,320.0,20.0,0.4680000000000035,17.0,11,58.0,5,10.0,0.0,0,2024,10,Circuit de Barcelona-Catalunya
ZHO,Kick Sauber,15.0,1.5589999999999975,0.33699999999999974,0.6539999999999999,0.7160000000000011,324.0,6.0,1.081000000000003,0.18599999999999994,0.5090000000000003,0.6460000000000008,324.0,11.0,1.3880000000000052,0.48100000000000165,0.588000000000001,0.40700000000000003,318.0,14.0,0.5480000000000018,0.0,19,0.0,10,15.333333333333334,0.0,0,2024,10,Circuit de Barcelona-Catalunya
MAG,Haas F1 Team,16.0,1.0609999999999928,0.39399999999999835,0.2879999999999967,0.527000000000001,325.0,18.0,0.757000000000005,0.19500000000000028,0.5259999999999998,0.2959999999999994,326.0,24.0,1.416000000000011,0.39000000000000057,0.6890000000000001,0.42499999999999716,328.0,18.0,0.09900000000000375,1.0,18,7.0,7,14.666666666666666,0.3333333333333333,0,2024,10,Circuit de Barcelona-Catalunya
TSU,RB F1 Team,17.0,1.4069999999999965,0.4939999999999998,0.4859999999999971,0.5750000000000028,315.0,13.0,0.9470000000000027,0.16499999999999915,0.7059999999999995,0.3360000000000021,325.0,25.0,1.6880000000000024,0.4870000000000019,0.625,0.4869999999999983,318.0,10.0,0.25900000000000034,19.0,10,28.0,6,10.666666666666666,0.0,0,2024,10,Circuit de Barcelona-Catalunya
RIC,RB F1 Team,18.0,1.1479999999999961,0.6019999999999968,0.39399999999999835,0.3000000000000007,317.0,10.0,0.9930000000000092,0.3000000000000007,0.5920000000000023,0.36100000000000065,327.0,20.0,1.3520000000000039,0.7880000000000003,0.259999999999998,0.39199999999999946,318.0,19.0,0.0,9.0,12,28.0,6,11.0,0.0,0,2024,10,Circuit de Barcelona-Catalunya
ALB,Williams,19.0,0.7399999999999949,0.2339999999999982,0.25299999999999656,0.4009999999999998,322.0,4.0,1.5430000000000064,0.365000000000002,0.870000000000001,0.5680000000000014,319.0,24.0,1.1890000000000072,0.37900000000000134,0.4220000000000006,0.4759999999999991,322.0,15.0,0.0,2.0,16,2.0,9,15.333333333333334,0.6666666666666666,0,2024,10,Circuit de Barcelona-Catalunya
SAR,Williams,20.0,1.715999999999994,0.5299999999999976,0.7399999999999984,0.5940000000000012,320.0,4.0,1.8059999999999974,0.6859999999999999,0.8880000000000017,0.4920000000000009,317.0,23.0,1.524000000000001,0.6650000000000027,0.5350000000000001,0.41199999999999903,314.0,14.0,0.9759999999999991,0.0,21,2.0,9,17.333333333333332,0.3333333333333333,0,2024,10,Circuit de Barcelona-Catalunya
VER,Red Bull,1.0,,,,,,,,,,,,,0.0,0.09600000000000009,0.05900000000000105,0.0,315.0,16.0,,219.0,1,330.0,1,2.6666666666666665,0.0,0,2024,11,Red Bull Ring
NOR,McLaren,2.0,,,,,,,,,,,,,1.1949999999999932,0.0,0.3279999999999994,0.43100000000000094,316.0,19.0,,150.0,2,237.0,3,2.6666666666666665,0.0,0,2024,11,Red Bull Ring
RUS,Mercedes,3.0,,,,,,,,,,,,,0.7009999999999934,0.17799999999999727,0.3769999999999989,0.30100000000000193,317.0,20.0,,81.0,7,151.0,4,4.0,0.0,0,2024,11,Red Bull Ring
SAI,Ferrari,4.0,,,,,,,,,,,,,0.44299999999999784,0.18499999999999872,0.21300000000000097,0.1999999999999993,313.0,19.0,,116.0,4,270.0,2,8.333333333333334,0.3333333333333333,0,2024,11,Red Bull Ring
HAM,Mercedes,5.0,,,,,,,,,,,,,0.5690000000000026,0.1479999999999997,0.25700000000000145,0.29299999999999926,314.0,29.0,,70.0,8,151.0,4,4.666666666666667,0.0,0,2024,11,Red Bull Ring
LEC,Ferrari,6.0,,,,,,,,,,,,,0.37000000000000455,0.13799999999999812,0.17900000000000205,0.20800000000000196,315.0,19.0,,148.0,3,270.0,2,8.333333333333334,0.3333333333333333,0,2024,11,Red Bull Ring
PIA,McLaren,7.0,,,,,,,,,,,,,0.27599999999999625,0.1269999999999989,0.0,0.3039999999999985,314.0,20.0,,87.0,6,237.0,3,4.666666666666667,0.0,0,2024,11,Red Bull Ring
PER,Red Bull,8.0,,,,,,,,,,,,,1.097999999999999,0.2909999999999968,0.4800000000000004,0.39199999999999946,315.0,14.0,,111.0,5,330.0,1,14.666666666666666,0.6666666666666666,0,2024,11,Red Bull Ring
HUL,Haas F1 Team,9.0,,,,,,,,,,,,,1.2809999999999917,0.23499999999999943,0.5790000000000006,0.5609999999999999,316.0,17.0,,6.0,14,7.0,8,13.666666666666666,0.3333333333333333,0,2024,11,Red Bull Ring
OCO,Alpine F1 Team,10.0,,,,,,,,,,,,,0.6119999999999948,0.2079999999999984,0.3460000000000001,0.21300000000000097,312.0,17.0,,3.0,16,8.0,7,12.333333333333334,0.3333333333333333,0,2024,11,Red Bull Ring
RIC,RB F1 Team,11.0,,,,,,,,,,,,,1.277000000000001,0.3269999999999982,0.786999999999999,0.3180000000000014,310.0,21.0,,9.0,12,28.0,6,11.666666666666666,0.0,0,2024,11,Red Bull Ring
MAG,Haas F1 Team,12.0,,,,,,,,,,,,,1.4599999999999937,0.23899999999999721,0.527000000000001,0.5560000000000009,314.0,21.0,,1.0,18,7.0,8,16.333333333333332,0.3333333333333333,0,2024,11,Red Bull Ring
GAS,Alpine F1 Team,13.0,,,,,,,,,,,,,1.0489999999999924,0.3559999999999981,0.3999999999999986,0.4480000000000004,311.0,20.0,,5.0,15,8.0,7,9.333333333333334,0.0,0,2024,11,Red Bull Ring
TSU,RB F1 Team,14.0,,,,,,,,,,,,,0.8939999999999912,0.24199999999999733,0.3990000000000009,0.40800000000000125,309.0,19.0,,19.0,10,28.0,6,13.666666666666666,0.0,0,2024,11,Red Bull Ring
ALO,Aston Martin,15.0,,,,,,,,,,,,,0.9179999999999922,0.17199999999999704,0.4989999999999988,0.402000000000001,316.0,18.0,,41.0,9,58.0,5,9.666666666666666,0.0,0,2024,11,Red Bull Ring
ALB,Williams,16.0,,,,,,,,,,,,,1.3100000000000023,0.19499999999999673,0.6879999999999988,0.5199999999999996,315.0,16.0,,2.0,17,2.0,9,14.666666666666666,0.3333333333333333,0,2024,11,Red Bull Ring
STR,Aston Martin,17.0,,,,,,,,,,,,,0.6989999999999981,0.08999999999999986,0.4349999999999987,0.3290000000000006,316.0,15.0,,17.0,11,58.0,5,11.666666666666666,0.0,0,2024,11,Red Bull Ring
BOT,Kick Sauber,18.0,,,,,,,,,,,,,1.2399999999999949,0.22999999999999687,0.42900000000000205,0.652000000000001,315.0,17.0,,0.0,20,0.0,10,14.0,0.0,0,2024,11,Red Bull Ring
SAR,Williams,19.0,,,,,,,,,,,,,1.573999999999998,0.25299999999999656,0.7609999999999992,0.5960000000000001,317.0,18.0,,0.0,21,2.0,9,18.333333333333332,0.3333333333333333,0,2024,11,Red Bull Ring
ZHO,Kick Sauber,20.0,,,,,,,,,,,,,1.2339999999999947,0.4299999999999997,0.5019999999999989,0.45700000000000074,312.0,17.0,,0.0,19,0.0,10,14.666666666666666,0.0,0,2024,11,Red Bull Ring
RUS,Mercedes,1.0,0.0,0.0,0.3299999999999983,0.047999999999998266,297.0,15.0,0.7449999999999903,0.4089999999999989,0.27199999999999847,0.06400000000000006,321.0,13.0,0.31799999999999784,0.4839999999999982,0.045000000000001705,0.0,324.0,15.0,0.0,111.0,7,196.0,4,2.6666666666666665,0.0,0,2024,12,Silverstone Circuit
HAM,Mercedes,2.0,0.03499999999999659,0.0710000000000015,0.0,0.34199999999999875,298.0,18.0,0.6529999999999916,0.3930000000000007,0.22099999999999653,0.038999999999997925,323.0,13.0,0.4380000000000024,0.4250000000000007,0.17600000000000193,0.038999999999997925,323.0,15.0,0.03499999999999659,85.0,8,196.0,4,3.6666666666666665,0.0,0,2024,12,Silverstone Circuit
NOR,McLaren,3.0,0.18500000000000227,0.34800000000000253,0.018000000000000682,0.0,290.0,12.0,0.0,0.0,0.0,0.0,323.0,20.0,0.0,0.1039999999999992,0.09799999999999898,0.036999999999999034,326.0,18.0,0.0,156.0,2,268.0,3,8.0,0.0,0,2024,12,Silverstone Circuit
VER,Red Bull,4.0,0.8640000000000043,0.3390000000000022,0.4859999999999971,0.41699999999999804,295.0,12.0,0.6839999999999975,0.46699999999999875,0.11699999999999733,0.09999999999999787,325.0,13.0,0.3089999999999975,0.43299999999999983,0.0,0.0010000000000012221,323.0,17.0,0.0,237.0,1,355.0,1,2.3333333333333335,0.0,0,2024,12,Silverstone Circuit
PIA,McLaren,5.0,1.125,0.5480000000000018,0.2839999999999989,0.5899999999999999,298.0,19.0,0.33099999999998886,0.16499999999999915,0.06099999999999994,0.10500000000000043,324.0,13.0,0.21099999999999852,0.2560000000000002,0.03900000000000148,0.10999999999999943,326.0,9.0,0.9399999999999977,112.0,6,268.0,3,4.666666666666667,0.0,0,2024,12,Silverstone Circuit
HUL,Haas F1 Team,6.0,1.811000000000007,0.5579999999999998,0.6400000000000006,0.9909999999999997,296.0,8.0,0.4409999999999883,0.10099999999999909,0.1769999999999996,0.16300000000000026,326.0,18.0,0.6619999999999919,0.46799999999999997,0.2469999999999999,0.18599999999999994,324.0,12.0,0.0,14.0,12,19.0,7,9.333333333333334,0.0,0,2024,12,Silverstone Circuit
SAI,Ferrari,7.0,0.6099999999999994,0.2220000000000013,0.030999999999998806,0.6369999999999969,299.0,17.0,0.6999999999999886,0.2940000000000005,0.2889999999999944,0.11699999999999733,325.0,17.0,0.5049999999999955,0.39000000000000057,0.25200000000000244,0.07000000000000028,322.0,17.0,0.0,135.0,4,291.0,2,8.333333333333334,0.3333333333333333,0,2024,12,Silverstone Circuit
STR,Aston Martin,8.0,2.1710000000000065,0.5600000000000023,0.8389999999999986,0.722999999999999,293.0,17.0,0.7249999999999943,0.17800000000000082,0.28999999999999915,0.22299999999999898,328.0,12.0,0.13400000000000034,0.0,0.1559999999999988,0.21699999999999875,324.0,15.0,0.7600000000000051,17.0,11,58.0,5,11.333333333333334,0.0,0,2024,12,Silverstone Circuit
ALB,Williams,9.0,2.073999999999998,0.5920000000000023,0.7550000000000026,0.857999999999997,299.0,17.0,1.0959999999999894,0.3810000000000002,0.47099999999999653,0.24399999999999977,323.0,18.0,1.2289999999999992,0.3810000000000002,0.5739999999999981,0.34199999999999875,324.0,18.0,0.0,2.0,18,2.0,9,16.666666666666668,0.3333333333333333,0,2024,12,Silverstone Circuit
ALO,Aston Martin,10.0,1.4110000000000014,0.5640000000000001,0.642000000000003,0.5829999999999984,297.0,13.0,0.8229999999999933,0.35900000000000176,0.24499999999999744,0.1479999999999997,324.0,18.0,0.3739999999999952,0.16600000000000037,0.08400000000000318,0.36299999999999955,326.0,18.0,0.0,41.0,9,58.0,5,12.0,0.0,0,2024,12,Silverstone Circuit
LEC,Ferrari,11.0,0.9249999999999972,0.20500000000000185,0.642000000000003,0.4399999999999977,297.0,18.0,0.6009999999999991,0.20200000000000173,0.24899999999999523,0.0259999999999998,324.0,19.0,0.4830000000000041,0.347999999999999,0.1700000000000017,0.012999999999998124,320.0,17.0,0.3149999999999977,150.0,3,291.0,2,11.666666666666666,0.3333333333333333,0,2024,12,Silverstone Circuit
SAR,Williams,12.0,2.173000000000002,0.6810000000000009,0.9859999999999971,0.8839999999999968,301.0,16.0,1.259999999999991,0.4480000000000004,0.5039999999999978,0.30799999999999983,324.0,18.0,0.4939999999999998,0.4064999999999994,0.20550000000000068,0.18350000000000044,324.0,16.5,0.09900000000000375,0.0,21,2.0,9,19.666666666666668,0.3333333333333333,0,2024,12,Silverstone Circuit
TSU,RB F1 Team,13.0,2.290999999999997,0.5640000000000001,1.2830000000000013,0.7899999999999991,296.0,16.0,1.195999999999998,0.35600000000000165,0.43199999999999505,0.4079999999999977,326.0,17.0,2.4440000000000026,0.8369999999999997,1.1659999999999968,0.6799999999999997,323.0,3.0,0.0,19.0,10,30.0,6,15.666666666666666,0.0,0,2024,12,Silverstone Circuit
ZHO,Kick Sauber,14.0,4.256,1.2550000000000026,1.8719999999999999,1.506999999999998,291.0,15.0,1.2639999999999958,0.3689999999999998,0.6359999999999957,0.24899999999999878,326.0,13.0,1.1700000000000017,0.5249999999999986,0.41799999999999926,0.33200000000000074,322.0,16.0,1.5429999999999922,0.0,19,0.0,10,15.0,0.0,0,2024,12,Silverstone Circuit
RIC,RB F1 Team,15.0,3.293999999999997,0.7210000000000001,1.6189999999999998,1.0879999999999974,295.0,20.0,1.3669999999999902,0.4170000000000016,0.6099999999999994,0.33999999999999986,327.0,15.0,1.0570000000000022,0.42299999999999827,0.4870000000000019,0.21499999999999986,324.0,17.0,1.0030000000000001,11.0,13,30.0,6,10.666666666666666,0.0,0,2024,12,Silverstone Circuit
BOT,Kick Sauber,16.0,2.713000000000008,0.9600000000000009,1.2070000000000007,0.9239999999999995,294.0,14.0,0.8319999999999936,0.2749999999999986,0.39000000000000057,0.16699999999999804,327.0,10.0,0.8340000000000032,0.45700000000000074,0.3569999999999993,0.23799999999999955,324.0,18.0,0.0,0.0,20,0.0,10,15.0,0.0,0,2024,12,Silverstone Circuit
MAG,Haas F1 Team,17.0,3.010000000000005,0.8580000000000005,1.4100000000000037,0.9539999999999971,295.0,13.0,1.5729999999999933,0.4170000000000016,0.7209999999999965,0.4349999999999987,325.0,11.0,0.4939999999999998,0.4064999999999994,0.20550000000000068,0.18350000000000044,324.0,16.5,1.198999999999998,5.0,16,19.0,7,12.333333333333334,0.0,0,2024,12,Silverstone Circuit
OCO,Alpine F1 Team,18.0,2.9010000000000105,0.6630000000000003,1.399000000000001,0.9639999999999986,292.0,17.0,1.1939999999999884,0.35900000000000176,0.42499999999999716,0.19699999999999918,322.0,12.0,0.554000000000002,0.3230000000000004,0.23499999999999943,0.18100000000000094,322.0,14.0,0.0,3.0,17,9.0,8,10.666666666666666,0.0,0,2024,12,Silverstone Circuit
PER,Red Bull,19.0,1.7550000000000097,0.6460000000000008,0.730000000000004,0.602999999999998,299.0,10.0,0.4339999999999975,0.31899999999999906,0.0519999999999996,0.06299999999999883,325.0,13.0,0.4939999999999998,0.4064999999999994,0.20550000000000068,0.18350000000000044,324.0,16.5,0.8910000000000053,118.0,5,355.0,1,11.0,0.3333333333333333,0,2024,12,Silverstone Circuit
GAS,Alpine F1 Team,20.0,1.811000000000007,0.5640000000000001,0.730000000000004,0.722999999999999,296.0,16.0,1.1829999999999927,0.44399999999999906,0.42499999999999716,0.31099999999999994,324.0,16.0,0.4939999999999998,0.4064999999999994,0.20550000000000068,0.18350000000000044,324.0,16.5,0.0,6.0,15,9.0,8,9.333333333333334,0.0,0,2024,12,Silverstone Circuit
NOR,McLaren,1.0,0.0,0.02500000000000213,0.0,0.07399999999999807,307.0,5.0,0.0,0.0,0.08999999999999986,0.038000000000000256,302.0,14.0,0.49800000000000466,0.41199999999999903,0.01600000000000179,0.027999999999998693,302.0,16.0,0.0,171.0,2,295.0,3,8.333333333333334,0.0,0,2024,13,Hungaroring
PIA,McLaren,2.0,0.04399999999999693,0.12600000000000122,0.04399999999999693,0.0,307.0,6.0,0.8299999999999983,0.2989999999999995,0.2729999999999997,0.38599999999999923,303.0,11.0,0.5360000000000014,0.4519999999999982,0.15700000000000003,0.013999999999999346,302.0,20.0,0.04399999999999693,124.0,5,295.0,3,4.333333333333333,0.0,0,2024,13,Hungaroring
VER,Red Bull,3.0,0.2810000000000059,0.053000000000000824,0.2629999999999981,0.09100000000000108,306.0,17.0,0.2430000000000092,0.26500000000000057,0.0,0.1059999999999981,302.0,12.0,0.27600000000001046,0.010999999999999233,0.0,0.24200000000000088,301.0,6.0,0.0,255.0,1,373.0,1,2.6666666666666665,0.0,0,2024,13,Hungaroring
SAI,Ferrari,4.0,0.5409999999999968,0.07499999999999929,0.3739999999999988,0.21799999999999997,306.0,6.0,0.39700000000000557,0.054000000000002046,0.38400000000000034,0.08699999999999974,306.0,15.0,0.0,0.13500000000000156,0.0,0.0,302.0,17.0,0.0,146.0,4,302.0,2,4.666666666666667,0.0,0,2024,13,Hungaroring
HAM,Mercedes,5.0,0.6880000000000024,0.34499999999999886,0.12099999999999866,0.347999999999999,305.0,4.0,0.5750000000000028,0.25400000000000134,0.3329999999999984,0.11599999999999966,304.0,12.0,0.5740000000000123,0.3550000000000004,0.2890000000000015,0.06499999999999773,302.0,18.0,0.2220000000000084,110.0,8,221.0,4,2.6666666666666665,0.0,0,2024,13,Hungaroring
LEC,Ferrari,6.0,0.7049999999999983,0.18299999999999983,0.3689999999999998,0.2789999999999999,305.0,7.0,1.4980000000000047,0.6120000000000019,0.6679999999999993,0.3460000000000001,302.0,4.0,0.2980000000000018,0.21000000000000085,0.04100000000000037,0.1819999999999986,303.0,17.0,0.16400000000000148,150.0,3,302.0,2,10.0,0.0,0,2024,13,Hungaroring
ALO,Aston Martin,7.0,0.9030000000000058,0.08899999999999864,0.5009999999999977,0.2530000000000001,308.0,12.0,0.7310000000000088,0.08800000000000097,0.3230000000000004,0.21999999999999886,307.0,17.0,0.9730000000000132,0.2240000000000002,0.5609999999999999,0.3089999999999975,305.0,12.0,0.0,45.0,9,68.0,5,12.666666666666666,0.0,0,2024,13,Hungaroring
STR,Aston Martin,8.0,0.9869999999999948,0.08099999999999952,0.384999999999998,0.5609999999999999,308.0,13.0,1.3910000000000053,0.13700000000000045,0.5559999999999974,0.3819999999999979,307.0,19.0,0.5520000000000067,0.0,0.3550000000000004,0.33200000000000074,306.0,15.0,0.08399999999998897,23.0,10,68.0,5,11.333333333333334,0.0,0,2024,13,Hungaroring
RIC,RB F1 Team,9.0,0.554000000000002,0.12600000000000122,0.39699999999999847,0.15700000000000003,302.0,4.0,0.5829999999999984,0.22600000000000264,0.21999999999999886,0.0259999999999998,300.0,12.0,0.8650000000000091,0.4239999999999995,0.5240000000000009,0.0519999999999996,299.0,17.0,0.0,11.0,13,31.0,6,12.333333333333334,0.0,0,2024,13,Hungaroring
TSU,RB F1 Team,10.0,0.6460000000000008,0.11299999999999955,0.44599999999999795,0.21300000000000097,304.0,5.0,1.8179999999999978,0.34800000000000253,0.48600000000000065,0.1789999999999985,301.0,5.0,0.5470000000000113,0.3049999999999997,0.3100000000000023,0.047999999999998266,299.0,14.0,0.09199999999999875,20.0,12,31.0,6,14.333333333333334,0.0,0,2024,13,Hungaroring
HUL,Haas F1 Team,11.0,0.597999999999999,0.0,0.49799999999999756,0.2259999999999991,308.0,4.0,1.0030000000000001,0.1490000000000009,0.5700000000000003,0.34499999999999886,306.0,15.0,0.5740000000000123,0.33399999999999963,0.3550000000000004,0.17999999999999972,302.0,16.0,0.0,22.0,11,27.0,7,7.666666666666667,0.0,0,2024,13,Hungaroring
BOT,Kick Sauber,12.0,0.7060000000000031,0.1490000000000009,0.546999999999997,0.13599999999999923,303.0,9.0,0.7980000000000018,0.125,0.2259999999999991,0.07199999999999918,306.0,15.0,1.0910000000000082,0.33399999999999963,0.5870000000000033,0.054999999999999716,300.0,21.0,0.0,0.0,21,0.0,10,15.666666666666666,0.0,0,2024,13,Hungaroring
ALB,Williams,13.0,0.5630000000000024,0.21399999999999864,0.30299999999999727,0.1720000000000006,304.0,5.0,0.7259999999999991,0.2630000000000017,0.2889999999999979,0.2729999999999997,305.0,14.0,1.081000000000003,0.4029999999999987,0.4969999999999999,0.31599999999999895,301.0,12.0,0.0,4.0,17,4.0,9,14.0,0.0,0,2024,13,Hungaroring
SAR,Williams,14.0,1.0700000000000074,0.2759999999999998,0.48999999999999844,0.4299999999999997,305.0,5.0,0.8230000000000075,0.22600000000000264,0.4009999999999998,0.21099999999999852,306.0,13.0,1.1720000000000113,0.39199999999999946,0.625,0.21099999999999852,302.0,15.0,0.507000000000005,0.0,20,4.0,9,16.666666666666668,0.0,0,2024,13,Hungaroring
MAG,Haas F1 Team,15.0,1.409000000000006,0.0519999999999996,0.8349999999999973,0.5449999999999982,310.0,6.0,0.527000000000001,0.17800000000000082,0.31799999999999784,0.15899999999999892,309.0,16.0,1.5820000000000078,0.6260000000000012,0.6910000000000025,0.3999999999999986,299.0,15.0,0.811000000000007,5.0,16,27.0,7,12.333333333333334,0.0,0,2024,13,Hungaroring
PER,Red Bull,16.0,0.8559999999999945,0.11400000000000077,0.5019999999999989,0.36599999999999966,308.0,14.0,0.46699999999999875,0.24600000000000222,0.3490000000000002,0.0,305.0,12.0,0.7270000000000039,0.17299999999999827,0.3860000000000028,0.17999999999999972,303.0,8.0,0.5749999999999886,118.0,6,373.0,1,10.666666666666666,0.0,0,2024,13,Hungaroring
RUS,Mercedes,17.0,0.465999999999994,0.21999999999999886,0.1980000000000004,0.10899999999999821,307.0,5.0,0.5060000000000002,0.35100000000000264,0.1479999999999997,0.134999999999998,309.0,11.0,0.4240000000000066,0.28999999999999915,0.25900000000000034,0.00999999999999801,303.0,17.0,0.0,111.0,7,221.0,4,8.0,0.3333333333333333,0,2024,13,Hungaroring
ZHO,Kick Sauber,18.0,1.1929999999999978,0.17999999999999972,0.7319999999999993,0.40700000000000003,305.0,4.0,2.2789999999999964,0.8180000000000014,1.1879999999999988,0.2680000000000007,301.0,17.0,0.46700000000001296,0.2749999999999986,0.2950000000000017,0.03200000000000003,301.0,11.0,0.48699999999999477,0.0,19,0.0,10,16.0,0.0,0,2024,13,Hungaroring
OCO,Alpine F1 Team,19.0,1.4770000000000039,0.10099999999999909,0.7629999999999981,0.46699999999999875,306.0,8.0,0.9660000000000082,0.3960000000000008,0.4239999999999995,0.2699999999999996,300.0,15.0,1.3100000000000023,0.6660000000000004,0.5430000000000028,0.23600000000000065,303.0,19.0,0.07600000000000762,3.0,18,9.0,8,12.666666666666666,0.0,0,2024,13,Hungaroring
GAS,Alpine F1 Team,20.0,1.4009999999999962,0.2680000000000007,0.8079999999999998,0.4510000000000005,301.0,5.0,1.1000000000000085,0.2740000000000009,0.49799999999999756,0.352999999999998,303.0,14.0,1.2630000000000052,0.3550000000000004,0.6360000000000028,0.3520000000000003,302.0,18.0,0.0,6.0,15,9.0,8,13.0,0.0,0,2024,13,Hungaroring
VER,Red Bull,1.0,0.0,0.006999999999997897,0.0,0.4039999999999999,281.0,2.0,0.21699999999999875,0.16300000000000026,0.12200000000000699,0.04600000000000293,313.0,16.0,0.0,0.42900000000000205,0.0,0.13299999999999912,309.0,13.0,0.0,265.0,1,389.0,1,4.0,0.0,0,2024,14,Circuit de Spa-Francorchamps
LEC,Ferrari,2.0,4.4680000000000035,0.9299999999999997,2.2120000000000033,1.4370000000000012,272.0,2.0,0.5769999999999982,0.02500000000000213,0.3620000000000019,0.3100000000000023,312.0,12.0,0.9339999999999975,0.38300000000000267,0.7370000000000019,0.4480000000000004,309.0,15.0,0.0,162.0,3,322.0,3,9.666666666666666,0.0,0,2024,14,Circuit de Spa-Francorchamps
PER,Red Bull,3.0,5.537999999999997,1.756999999999998,2.503,1.6890000000000036,258.0,1.0,1.2439999999999998,0.3240000000000016,0.7430000000000021,0.2970000000000006,310.0,15.0,0.9569999999999936,0.4510000000000005,0.8490000000000038,0.29100000000000037,305.0,11.0,5.537999999999997,124.0,7,389.0,1,10.333333333333334,0.0,0,2024,14,Circuit de Spa-Francorchamps
HAM,Mercedes,4.0,5.186000000000007,0.7089999999999961,2.7989999999999995,2.089000000000002,275.0,1.0,1.2590000000000003,0.3730000000000011,0.5960000000000036,0.21300000000000097,310.0,16.0,0.9069999999999965,0.240000000000002,1.0900000000000034,0.21099999999999852,313.0,10.0,0.0,125.0,6,241.0,4,2.6666666666666665,0.0,0,2024,14,Circuit de Spa-Francorchamps
NOR,McLaren,5.0,1.8070000000000022,0.6689999999999969,0.47400000000000375,1.0749999999999993,263.0,2.0,0.0,0.120000000000001,0.0,0.0,314.0,9.0,1.0430000000000064,0.31099999999999994,1.320999999999998,0.04499999999999815,314.0,13.0,0.3739999999999952,189.0,2,338.0,2,8.333333333333334,0.0,0,2024,14,Circuit de Spa-Francorchamps
PIA,McLaren,6.0,1.433000000000007,0.367999999999995,0.6950000000000003,0.0,290.0,2.0,0.2149999999999892,0.08100000000000307,0.1670000000000016,0.0870000000000033,312.0,15.0,0.5310000000000059,0.2699999999999996,0.6289999999999978,0.003999999999997783,313.0,16.0,0.0,149.0,5,338.0,2,2.3333333333333335,0.0,0,2024,14,Circuit de Spa-Francorchamps
RUS,Mercedes,7.0,5.186000000000007,0.7639999999999958,2.503,1.6890000000000036,272.0,2.0,1.0300000000000011,0.19400000000000261,0.6760000000000019,0.28000000000000114,312.0,15.0,0.8529999999999944,0.19700000000000273,0.8890000000000029,0.2569999999999979,308.0,11.0,0.0,116.0,8,241.0,4,9.333333333333334,0.3333333333333333,0,2024,14,Circuit de Spa-Francorchamps
SAI,Ferrari,8.0,5.186000000000007,0.7639999999999958,2.503,1.6890000000000036,272.0,2.0,0.8379999999999939,0.15800000000000125,0.5600000000000023,0.17600000000000193,311.0,13.0,1.2019999999999982,0.6230000000000011,0.7730000000000032,0.4399999999999977,311.0,15.0,0.0,154.0,4,322.0,3,4.666666666666667,0.0,0,2024,14,Circuit de Spa-Francorchamps
ALO,Aston Martin,9.0,6.506,0.9839999999999947,2.899000000000001,3.0340000000000025,273.0,2.0,1.2779999999999916,0.21000000000000085,0.9850000000000065,0.142000000000003,313.0,13.0,1.5490000000000066,0.3730000000000011,1.0519999999999996,0.27199999999999847,308.0,9.0,2.033999999999992,45.0,9,69.0,5,12.333333333333334,0.0,0,2024,14,Circuit de Spa-Francorchamps
OCO,Alpine F1 Team,10.0,3.6850000000000023,0.2010000000000005,1.267000000000003,1.1900000000000013,268.0,3.0,1.1409999999999911,0.017000000000003013,1.1980000000000004,0.04600000000000293,315.0,13.0,1.3269999999999982,0.3760000000000012,1.2190000000000012,0.27199999999999847,310.0,11.0,2.075000000000003,3.0,18,9.0,8,15.333333333333334,0.0,0,2024,14,Circuit de Spa-Francorchamps
ALB,Williams,11.0,5.878,1.3200000000000003,2.8100000000000023,2.1590000000000025,247.0,1.0,1.6319999999999908,0.1750000000000007,1.2710000000000008,0.12100000000000222,313.0,13.0,0.7270000000000039,0.0,1.360999999999997,0.0,312.0,12.0,0.0,4.0,17,4.0,9,12.666666666666666,0.0,0,2024,14,Circuit de Spa-Francorchamps
GAS,Alpine F1 Team,12.0,1.6099999999999994,0.0,1.443000000000005,0.5779999999999994,276.0,3.0,1.5689999999999884,0.05600000000000094,1.4500000000000028,0.18299999999999983,317.0,8.0,1.4609999999999985,0.5120000000000005,1.1210000000000022,0.4049999999999976,311.0,12.0,0.0,6.0,15,9.0,8,16.666666666666668,0.3333333333333333,0,2024,14,Circuit de Spa-Francorchamps
RIC,RB F1 Team,13.0,6.844999999999999,1.161999999999999,3.230000000000004,2.8640000000000008,255.0,2.0,1.5629999999999882,0.022999999999999687,1.5040000000000049,0.15600000000000236,313.0,9.0,1.578000000000003,0.01600000000000179,2.169000000000004,0.02699999999999747,314.0,12.0,0.0,11.0,13,33.0,6,11.333333333333334,0.0,0,2024,14,Circuit de Spa-Francorchamps
BOT,Kick Sauber,14.0,4.927000000000007,0.705999999999996,2.932000000000002,1.4090000000000025,267.0,2.0,1.414999999999992,0.17400000000000304,1.2510000000000048,0.11000000000000298,313.0,15.0,1.7830000000000013,0.6400000000000006,1.3539999999999992,0.42299999999999827,305.0,10.0,0.0,0.0,21,0.0,10,15.666666666666666,0.0,0,2024,14,Circuit de Spa-Francorchamps
STR,Aston Martin,15.0,4.472000000000008,0.7639999999999958,2.7929999999999993,0.7900000000000027,273.0,2.0,1.2719999999999914,0.11000000000000298,1.0460000000000065,0.23600000000000065,312.0,12.0,1.3269999999999982,0.4239999999999995,1.2190000000000012,0.2889999999999979,307.0,10.0,0.0,24.0,10,69.0,5,10.0,0.0,0,2024,14,Circuit de Spa-Francorchamps
HUL,Haas F1 Team,16.0,6.474999999999994,1.3739999999999952,3.531000000000006,1.980999999999998,272.0,1.0,1.5859999999999985,0.0730000000000004,1.433000000000007,0.20000000000000284,315.0,13.0,2.272999999999996,0.3760000000000012,2.0630000000000024,0.46799999999999997,310.0,10.0,0.0,22.0,11,27.0,7,8.333333333333334,0.0,0,2024,14,Circuit de Spa-Francorchamps
MAG,Haas F1 Team,17.0,5.186000000000007,0.7639999999999958,2.503,1.6890000000000036,272.0,2.0,1.2249999999999943,0.10600000000000165,1.0940000000000012,0.05900000000000105,312.0,13.0,2.4399999999999977,0.4660000000000011,2.102000000000004,0.26200000000000045,309.0,9.0,0.0,5.0,16,27.0,7,11.666666666666666,0.0,0,2024,14,Circuit de Spa-Francorchamps
TSU,RB F1 Team,18.0,7.878999999999991,0.5019999999999953,0.9089999999999989,2.8520000000000003,272.0,3.0,2.087999999999994,0.0,1.9780000000000015,0.23000000000000043,314.0,14.0,2.191999999999993,0.03500000000000014,2.4849999999999994,0.14499999999999957,314.0,13.0,1.0339999999999918,22.0,12,33.0,6,11.0,0.0,0,2024,14,Circuit de Spa-Francorchamps
SAR,Williams,19.0,9.655000000000001,1.3939999999999984,2.469000000000001,6.202999999999999,254.0,1.0,1.965999999999994,0.30700000000000216,1.480000000000004,0.29900000000000304,314.0,13.0,1.9390000000000072,0.06800000000000139,2.2250000000000014,0.2799999999999976,312.0,11.0,3.777000000000001,0.0,20,4.0,9,15.666666666666666,0.0,0,2024,14,Circuit de Spa-Francorchamps
ZHO,Kick Sauber,20.0,9.544000000000011,1.303999999999995,5.657000000000004,2.9940000000000033,263.0,2.0,2.0420000000000016,0.142000000000003,1.656000000000006,0.277000000000001,313.0,14.0,2.6230000000000047,0.43400000000000105,2.2180000000000035,0.49599999999999866,306.0,11.0,4.617000000000004,0.0,19,0.0,10,18.0,0.0,0,2024,14,Circuit de Spa-Francorchamps
NOR,McLaren,1.0,1.0759999999999934,0.8769999999999989,0.48400000000000176,0.06300000000000239,245.0,2.0,0.25900000000000034,0.053999999999998494,0.22299999999999898,0.15000000000000213,325.0,24.0,0.0,0.0,0.01600000000000179,0.0,322.0,9.0,0.0,199.0,2,366.0,2,3.3333333333333335,0.0,0,2024,15,Circuit Park Zandvoort
VER,Red Bull,2.0,4.048999999999992,2.0249999999999986,1.5180000000000007,0.8540000000000028,236.0,1.0,0.284000000000006,0.21099999999999852,0.19699999999999918,0.04400000000000048,327.0,23.0,0.2009999999999934,0.1479999999999997,0.0519999999999996,0.01699999999999946,330.0,9.0,0.0,277.0,1,408.0,1,3.6666666666666665,0.0,0,2024,15,Circuit Park Zandvoort
PIA,McLaren,3.0,1.5389999999999873,0.3689999999999998,0.0,0.28100000000000236,281.0,6.0,0.06100000000000705,0.13700000000000045,0.09199999999999875,0.0,325.0,24.0,0.9080000000000013,0.2970000000000006,0.3210000000000015,0.15800000000000125,324.0,8.0,0.46299999999999386,167.0,4,366.0,2,2.3333333333333335,0.0,0,2024,15,Circuit Park Zandvoort
RUS,Mercedes,4.0,3.6469999999999914,0.8990000000000009,1.5370000000000026,0.8160000000000025,256.0,3.0,0.0,0.07199999999999918,0.0,0.09600000000000009,327.0,18.0,0.8199999999999932,0.3719999999999999,0.15399999999999991,0.15800000000000125,326.0,11.0,0.0,116.0,8,266.0,4,15.666666666666666,0.6666666666666666,0,2024,15,Circuit Park Zandvoort
PER,Red Bull,5.0,2.160499999999992,1.0259999999999998,0.9145000000000021,0.5215000000000014,257.5,1.5,0.8790000000000049,0.16699999999999804,0.43700000000000117,0.4430000000000014,327.0,21.0,1.9569999999999936,0.929000000000002,0.46499999999999986,0.5790000000000006,297.0,5.0,0.0,131.0,7,408.0,1,10.333333333333334,0.0,0,2024,15,Circuit Park Zandvoort
LEC,Ferrari,6.0,3.846999999999994,1.6499999999999986,1.9830000000000005,0.5620000000000012,239.0,1.0,0.7409999999999997,0.259999999999998,0.4789999999999992,0.1700000000000017,324.0,23.0,1.9839999999999947,0.9220000000000006,0.6099999999999994,0.46799999999999997,321.0,7.0,1.5690000000000026,177.0,3,345.0,3,7.0,0.0,0,2024,15,Circuit Park Zandvoort
ALO,Aston Martin,7.0,1.1499999999999915,0.5530000000000008,0.554000000000002,0.3910000000000018,264.0,4.0,0.6550000000000011,0.245000000000001,0.3069999999999986,0.19700000000000273,325.0,22.0,2.144999999999996,0.6129999999999995,0.277000000000001,0.8450000000000024,320.0,9.0,0.0,49.0,9,73.0,5,9.0,0.0,0,2024,15,Circuit Park Zandvoort
STR,Aston Martin,8.0,1.6299999999999955,0.7119999999999997,0.6890000000000001,0.5770000000000017,273.0,3.0,0.8739999999999952,0.2270000000000003,0.4510000000000005,0.36400000000000077,326.0,23.0,1.8289999999999935,0.5970000000000013,0.4480000000000004,0.8000000000000007,320.0,7.0,0.480000000000004,24.0,10,73.0,5,9.333333333333334,0.0,0,2024,15,Circuit Park Zandvoort
GAS,Alpine F1 Team,9.0,0.0,0.0,0.3420000000000023,0.006000000000000227,282.0,1.0,0.9420000000000073,0.28500000000000014,0.4529999999999994,0.37200000000000344,325.0,27.0,9.713999999999999,3.5660000000000025,2.931000000000001,3.2330000000000005,277.0,2.0,0.0,6.0,15,11.0,8,17.666666666666668,0.3333333333333333,0,2024,15,Circuit Park Zandvoort
SAI,Ferrari,10.0,2.2779999999999916,1.1649999999999991,0.8520000000000003,0.6090000000000018,266.0,1.0,2.406000000000006,1.036999999999999,0.8629999999999995,0.5180000000000007,317.0,3.0,0.7519999999999953,0.34800000000000253,0.16499999999999915,0.254999999999999,306.0,8.0,0.0,162.0,5,345.0,3,5.666666666666667,0.0,0,2024,15,Circuit Park Zandvoort
ALB,Williams,10.0,3.695999999999998,1.7650000000000006,1.3350000000000009,0.9440000000000026,231.0,1.0,0.847999999999999,0.26399999999999935,0.4989999999999988,0.22500000000000142,324.0,23.0,0.8370000000000033,0.5570000000000022,0.053000000000000824,0.2430000000000021,321.0,8.0,0.7199999999999989,4.0,18,4.0,9,11.666666666666666,0.0,0,2024,15,Circuit Park Zandvoort
HAM,Mercedes,11.0,3.786999999999992,1.8419999999999987,1.5410000000000004,0.7520000000000024,232.0,1.0,0.1110000000000042,0.0,0.09299999999999997,0.18599999999999994,328.0,16.0,0.6839999999999975,0.1910000000000025,0.0,0.36299999999999955,326.0,8.0,0.14000000000000057,150.0,6,266.0,4,1.6666666666666667,0.0,0,2024,15,Circuit Park Zandvoort
TSU,RB F1 Team,12.0,2.160499999999992,1.0259999999999998,0.9145000000000021,0.5215000000000014,257.5,1.5,0.671999999999997,0.28699999999999903,0.3230000000000004,0.23000000000000043,324.0,25.0,2.0960000000000036,1.1069999999999993,0.3049999999999997,0.6999999999999993,318.0,7.0,0.0,22.0,12,34.0,6,11.666666666666666,0.0,0,2024,15,Circuit Park Zandvoort
HUL,Haas F1 Team,13.0,2.042999999999992,1.1529999999999987,0.9380000000000024,0.3000000000000007,234.0,1.0,2.5940000000000083,1.154,1.024000000000001,0.5440000000000005,322.0,6.0,1.2409999999999997,0.5839999999999996,0.2190000000000012,0.25,311.0,10.0,1.9039999999999964,22.0,11,27.0,7,12.333333333333334,0.0,0,2024,15,Circuit Park Zandvoort
MAG,Haas F1 Team,14.0,0.1389999999999958,0.009000000000000341,0.47800000000000153,0.0,259.0,4.0,0.7280000000000086,0.18900000000000006,0.3930000000000007,0.20400000000000063,328.0,27.0,1.2749999999999915,0.6110000000000007,0.3210000000000015,0.35900000000000176,307.0,7.0,0.0,5.0,16,27.0,7,13.666666666666666,0.0,0,2024,15,Circuit Park Zandvoort
RIC,RB F1 Team,15.0,5.122,1.971,2.4430000000000014,1.056000000000001,248.0,2.0,0.9279999999999973,0.5060000000000002,0.3309999999999995,0.25900000000000034,324.0,24.0,3.908999999999992,1.4269999999999996,1.1829999999999998,1.3150000000000013,300.0,9.0,0.0,12.0,13,34.0,6,11.666666666666666,0.0,0,2024,15,Circuit Park Zandvoort
OCO,Alpine F1 Team,16.0,1.3319999999999936,0.5599999999999987,0.8910000000000018,0.22900000000000276,266.0,1.0,1.3590000000000089,0.5229999999999997,0.588000000000001,0.41600000000000037,324.0,26.0,3.4740000000000038,1.1600000000000001,0.8960000000000008,1.2170000000000023,309.0,10.0,1.3319999999999936,5.0,17,11.0,8,14.333333333333334,0.0,0,2024,15,Circuit Park Zandvoort
BOT,Kick Sauber,17.0,0.8439999999999941,0.21600000000000108,0.6400000000000006,0.3360000000000021,290.0,2.0,1.5040000000000049,0.6149999999999984,0.6170000000000009,0.3550000000000004,326.0,24.0,1.6430000000000007,0.6110000000000007,0.3049999999999997,0.46799999999999997,320.0,8.0,0.0,0.0,21,0.0,10,15.333333333333334,0.0,0,2024,15,Circuit Park Zandvoort
ZHO,Kick Sauber,18.0,2.928999999999988,1.4480000000000004,1.3480000000000025,0.48100000000000165,235.0,1.0,1.2319999999999993,0.3810000000000002,0.5240000000000009,0.495000000000001,325.0,23.0,1.6430000000000007,0.6500000000000021,0.13500000000000156,0.8740000000000023,316.0,8.0,2.0849999999999937,0.0,19,0.0,10,18.666666666666668,0.3333333333333333,0,2024,15,Circuit Park Zandvoort
SAR,Williams,20.0,2.975999999999999,1.222999999999999,1.1560000000000024,0.9450000000000003,265.0,2.0,1.1159999999999997,0.4089999999999989,0.5399999999999991,0.33500000000000085,323.0,24.0,3.2830000000000013,0.8540000000000028,0.9789999999999992,1.1069999999999993,322.0,6.0,0.0,0.0,20,4.0,9,15.0,0.0,0,2024,15,Circuit Park Zandvoort
